Command line invocation:
    /Applications/Xcode.app/Contents/Developer/usr/bin/xcodebuild -project /private/tmp/noop-audit-p0-settings-whoop-20260816/Strand.xcodeproj -scheme NOOPiOS -configuration Debug -skipMacroValidation -destination "platform=iOS Simulator,id=EFB5332C-8323-447A-9840-D9FB69A5703B" -collect-test-diagnostics never -derivedDataPath /private/tmp/noop-audit-p0-settings-whoop-20260816/DerivedData build

Resolve Package Graph


Resolved source packages:
  WhoopStore: /tmp/noop-audit-p0-settings-whoop-20260816/Packages/WhoopStore
  StrandDesign: /tmp/noop-audit-p0-settings-whoop-20260816/Packages/StrandDesign
  StrandImport: /tmp/noop-audit-p0-settings-whoop-20260816/Packages/StrandImport
  WhoopProtocol: /tmp/noop-audit-p0-settings-whoop-20260816/Packages/WhoopProtocol
  StrandAnalytics: /tmp/noop-audit-p0-settings-whoop-20260816/Packages/StrandAnalytics
  NoopPhase34Core: /tmp/noop-audit-p0-settings-whoop-20260816/Packages/NoopPhase34Core
  OuraProtocol: /tmp/noop-audit-p0-settings-whoop-20260816/Packages/OuraProtocol
  swift-markdown-ui: https://github.com/gonzalezreal/swift-markdown-ui @ 2.4.1
  GRDB: https://github.com/groue/GRDB.swift.git @ 6.29.3
  ZIPFoundation: https://github.com/weichsel/ZIPFoundation.git @ 0.9.20
  cmark-gfm: https://github.com/swiftlang/swift-cmark @ 0.8.0
  NetworkImage: https://github.com/gonzalezreal/NetworkImage @ 6.0.1

ComputePackagePrebuildTargetDependencyGraph

Prepare packages

CreateBuildRequest

SendProjectDescription

CreateBuildOperation

ComputeTargetDependencyGraph
note: Building targets in dependency order
note: Target dependency graph (33 targets)
    Target 'NOOPiOS' in project 'Strand'
        ➜ Explicit dependency on target 'NOOPiOSWidgets' in project 'Strand'
        ➜ Explicit dependency on target 'WhoopProtocol' in project 'WhoopProtocol'
        ➜ Explicit dependency on target 'WhoopStore' in project 'WhoopStore'
        ➜ Explicit dependency on target 'NoopPhase34Core' in project 'NoopPhase34Core'
        ➜ Explicit dependency on target 'OuraProtocol' in project 'OuraProtocol'
        ➜ Explicit dependency on target 'StrandAnalytics' in project 'StrandAnalytics'
        ➜ Explicit dependency on target 'StrandImport' in project 'StrandImport'
        ➜ Explicit dependency on target 'StrandDesign' in project 'StrandDesign'
        ➜ Explicit dependency on target 'MarkdownUI' in project 'swift-markdown-ui'
        ➜ Explicit dependency on target 'ZIPFoundation' in project 'ZIPFoundation'
    Target 'MarkdownUI' in project 'swift-markdown-ui'
        ➜ Explicit dependency on target 'MarkdownUI' in project 'swift-markdown-ui'
        ➜ Explicit dependency on target 'cmark-gfm' in project 'cmark-gfm'
        ➜ Explicit dependency on target 'cmark-gfm-extensions' in project 'cmark-gfm'
        ➜ Explicit dependency on target 'NetworkImage' in project 'NetworkImage'
    Target 'MarkdownUI' in project 'swift-markdown-ui'
        ➜ Explicit dependency on target 'cmark-gfm' in project 'cmark-gfm'
        ➜ Explicit dependency on target 'cmark-gfm-extensions' in project 'cmark-gfm'
        ➜ Explicit dependency on target 'NetworkImage' in project 'NetworkImage'
    Target 'NetworkImage' in project 'NetworkImage'
        ➜ Explicit dependency on target 'NetworkImage' in project 'NetworkImage'
    Target 'NetworkImage' in project 'NetworkImage' (no dependencies)
    Target 'cmark-gfm-extensions' in project 'cmark-gfm'
        ➜ Explicit dependency on target 'cmark-gfm-extensions' in project 'cmark-gfm'
        ➜ Explicit dependency on target 'cmark-gfm' in project 'cmark-gfm'
    Target 'cmark-gfm-extensions' in project 'cmark-gfm'
        ➜ Explicit dependency on target 'cmark-gfm' in project 'cmark-gfm'
    Target 'cmark-gfm' in project 'cmark-gfm'
        ➜ Explicit dependency on target 'cmark-gfm' in project 'cmark-gfm'
    Target 'cmark-gfm' in project 'cmark-gfm' (no dependencies)
    Target 'StrandImport' in project 'StrandImport'
        ➜ Explicit dependency on target 'StrandImport' in project 'StrandImport'
        ➜ Explicit dependency on target 'WhoopProtocol' in project 'WhoopProtocol'
        ➜ Explicit dependency on target 'WhoopStore' in project 'WhoopStore'
        ➜ Explicit dependency on target 'ZIPFoundation' in project 'ZIPFoundation'
        ➜ Explicit dependency on target 'GRDB' in project 'GRDB'
    Target 'StrandImport' in project 'StrandImport'
        ➜ Explicit dependency on target 'WhoopProtocol' in project 'WhoopProtocol'
        ➜ Explicit dependency on target 'WhoopStore' in project 'WhoopStore'
        ➜ Explicit dependency on target 'ZIPFoundation' in project 'ZIPFoundation'
        ➜ Explicit dependency on target 'GRDB' in project 'GRDB'
    Target 'ZIPFoundation' in project 'ZIPFoundation'
        ➜ Explicit dependency on target 'ZIPFoundation' in project 'ZIPFoundation'
        ➜ Explicit dependency on target 'ZIPFoundation_ZIPFoundation' in project 'ZIPFoundation'
    Target 'ZIPFoundation' in project 'ZIPFoundation'
        ➜ Explicit dependency on target 'ZIPFoundation_ZIPFoundation' in project 'ZIPFoundation'
    Target 'ZIPFoundation_ZIPFoundation' in project 'ZIPFoundation' (no dependencies)
    Target 'StrandAnalytics' in project 'StrandAnalytics'
        ➜ Explicit dependency on target 'StrandAnalytics' in project 'StrandAnalytics'
        ➜ Explicit dependency on target 'WhoopProtocol' in project 'WhoopProtocol'
        ➜ Explicit dependency on target 'WhoopStore' in project 'WhoopStore'
    Target 'StrandAnalytics' in project 'StrandAnalytics'
        ➜ Explicit dependency on target 'WhoopProtocol' in project 'WhoopProtocol'
        ➜ Explicit dependency on target 'WhoopStore' in project 'WhoopStore'
    Target 'WhoopStore' in project 'WhoopStore'
        ➜ Explicit dependency on target 'WhoopStore' in project 'WhoopStore'
        ➜ Explicit dependency on target 'WhoopProtocol' in project 'WhoopProtocol'
        ➜ Explicit dependency on target 'OuraProtocol' in project 'OuraProtocol'
        ➜ Explicit dependency on target 'NoopPhase34Core' in project 'NoopPhase34Core'
        ➜ Explicit dependency on target 'GRDB' in project 'GRDB'
    Target 'WhoopStore' in project 'WhoopStore'
        ➜ Explicit dependency on target 'WhoopProtocol' in project 'WhoopProtocol'
        ➜ Explicit dependency on target 'OuraProtocol' in project 'OuraProtocol'
        ➜ Explicit dependency on target 'NoopPhase34Core' in project 'NoopPhase34Core'
        ➜ Explicit dependency on target 'GRDB' in project 'GRDB'
    Target 'GRDB' in project 'GRDB'
        ➜ Explicit dependency on target 'GRDB' in project 'GRDB'
        ➜ Explicit dependency on target 'GRDB_GRDB' in project 'GRDB'
    Target 'GRDB' in project 'GRDB'
        ➜ Explicit dependency on target 'GRDB_GRDB' in project 'GRDB'
        ➜ Explicit dependency on target 'CSQLite' in project 'GRDB'
    Target 'CSQLite' in project 'GRDB' (no dependencies)
    Target 'GRDB_GRDB' in project 'GRDB' (no dependencies)
    Target 'NoopPhase34Core' in project 'NoopPhase34Core'
        ➜ Explicit dependency on target 'NoopPhase34Core' in project 'NoopPhase34Core'
    Target 'NoopPhase34Core' in project 'NoopPhase34Core' (no dependencies)
    Target 'OuraProtocol' in project 'OuraProtocol'
        ➜ Explicit dependency on target 'OuraProtocol' in project 'OuraProtocol'
    Target 'OuraProtocol' in project 'OuraProtocol' (no dependencies)
    Target 'WhoopProtocol' in project 'WhoopProtocol'
        ➜ Explicit dependency on target 'WhoopProtocol' in project 'WhoopProtocol'
        ➜ Explicit dependency on target 'WhoopProtocol_WhoopProtocol' in project 'WhoopProtocol'
    Target 'WhoopProtocol' in project 'WhoopProtocol'
        ➜ Explicit dependency on target 'WhoopProtocol_WhoopProtocol' in project 'WhoopProtocol'
    Target 'WhoopProtocol_WhoopProtocol' in project 'WhoopProtocol' (no dependencies)
    Target 'NOOPiOSWidgets' in project 'Strand'
        ➜ Explicit dependency on target 'StrandDesign' in project 'StrandDesign'
    Target 'StrandDesign' in project 'StrandDesign'
        ➜ Explicit dependency on target 'StrandDesign' in project 'StrandDesign'
        ➜ Explicit dependency on target 'StrandDesign_StrandDesign' in project 'StrandDesign'
    Target 'StrandDesign' in project 'StrandDesign'
        ➜ Explicit dependency on target 'StrandDesign_StrandDesign' in project 'StrandDesign'
    Target 'StrandDesign_StrandDesign' in project 'StrandDesign' (no dependencies)

GatherProvisioningInputs

CreateBuildDescription

ExecuteExternalTool /Applications/Xcode.app/Contents/Developer/usr/bin/xcstringstool compile --dry-run --output-directory /tmp/noop-audit-p0-settings-whoop-20260816/DerivedData/Build/Intermediates.noindex/StrandDesign.build/Debug-iphonesimulator/StrandDesign_StrandDesign.build /tmp/noop-audit-p0-settings-whoop-20260816/Packages/StrandDesign/Sources/StrandDesign/Resources/Localizable.xcstrings

ExecuteExternalTool /Applications/Xcode.app/Contents/Developer/Toolchains/XcodeDefault.xctoolchain/usr/bin/swiftc --version

ExecuteExternalTool /Applications/Xcode.app/Contents/Developer/Toolchains/XcodeDefault.xctoolchain/usr/bin/clang -v -E -dM -arch arm64 -isysroot /Applications/Xcode.app/Contents/Developer/Platforms/iPhoneSimulator.platform/Developer/SDKs/iPhoneSimulator26.5.sdk -x c -c /dev/null

ExecuteExternalTool /Applications/Xcode.app/Contents/Developer/usr/bin/xcstringstool compile --dry-run --output-directory /tmp/noop-audit-p0-settings-whoop-20260816/DerivedData/Build/Intermediates.noindex/Strand.build/Debug-iphonesimulator/NOOPiOS.build /tmp/noop-audit-p0-settings-whoop-20260816/Strand/Resources/Localizable.xcstrings

ExecuteExternalTool /Applications/Xcode.app/Contents/Developer/Toolchains/XcodeDefault.xctoolchain/usr/bin/clang -v -E -dM -isysroot /Applications/Xcode.app/Contents/Developer/Platforms/iPhoneSimulator.platform/Developer/SDKs/iPhoneSimulator26.5.sdk -x c -c /dev/null

ExecuteExternalTool /Applications/Xcode.app/Contents/Developer/usr/bin/actool --print-asset-tag-combinations --output-format xml1 /tmp/noop-audit-p0-settings-whoop-20260816/StrandiOS/Resources/Assets.xcassets

ExecuteExternalTool /Applications/Xcode.app/Contents/Developer/Toolchains/XcodeDefault.xctoolchain/usr/bin/ld -version_details

ReadFileContents /Applications/Xcode.app/Contents/Developer/Toolchains/XcodeDefault.xctoolchain/usr/share/docc/features.json

ExecuteExternalTool /Applications/Xcode.app/Contents/Developer/usr/bin/actool --version --output-format xml1

Build description signature: d6dc69412b13f11afb71534c2b604188
Build description path: /tmp/noop-audit-p0-settings-whoop-20260816/DerivedData/Build/Intermediates.noindex/XCBuildData/d6dc69412b13f11afb71534c2b604188.xcbuilddata
ClangStatCache /Applications/Xcode.app/Contents/Developer/Toolchains/XcodeDefault.xctoolchain/usr/bin/clang-stat-cache /Applications/Xcode.app/Contents/Developer/Platforms/iPhoneSimulator.platform/Developer/SDKs/iPhoneSimulator26.5.sdk /tmp/noop-audit-p0-settings-whoop-20260816/DerivedData/SDKStatCaches.noindex/iphonesimulator26.5-23F81a-6cfe768891a92b912361537c460fe42b.sdkstatcache
    cd /tmp/noop-audit-p0-settings-whoop-20260816/Strand.xcodeproj
    /Applications/Xcode.app/Contents/Developer/Toolchains/XcodeDefault.xctoolchain/usr/bin/clang-stat-cache /Applications/Xcode.app/Contents/Developer/Platforms/iPhoneSimulator.platform/Developer/SDKs/iPhoneSimulator26.5.sdk -o /tmp/noop-audit-p0-settings-whoop-20260816/DerivedData/SDKStatCaches.noindex/iphonesimulator26.5-23F81a-6cfe768891a92b912361537c460fe42b.sdkstatcache

WriteAuxiliaryFile /tmp/noop-audit-p0-settings-whoop-20260816/DerivedData/Build/Intermediates.noindex/Strand.build/Debug-iphonesimulator/NOOPiOSWidgets.build/Objects-normal/arm64/NOOPWidgets.LinkFileList (in target 'NOOPiOSWidgets' from project 'Strand')
    cd /tmp/noop-audit-p0-settings-whoop-20260816
    write-file /tmp/noop-audit-p0-settings-whoop-20260816/DerivedData/Build/Intermediates.noindex/Strand.build/Debug-iphonesimulator/NOOPiOSWidgets.build/Objects-normal/arm64/NOOPWidgets.LinkFileList

ProcessInfoPlistFile /tmp/noop-audit-p0-settings-whoop-20260816/DerivedData/Build/Products/Debug-iphonesimulator/ZIPFoundation_ZIPFoundation.bundle/Info.plist /tmp/noop-audit-p0-settings-whoop-20260816/DerivedData/Build/Intermediates.noindex/ZIPFoundation.build/Debug-iphonesimulator/ZIPFoundation_ZIPFoundation.build/empty-ZIPFoundation_ZIPFoundation.plist (in target 'ZIPFoundation_ZIPFoundation' from project 'ZIPFoundation')
    cd /tmp/noop-audit-p0-settings-whoop-20260816/DerivedData/SourcePackages/checkouts/ZIPFoundation
    builtin-infoPlistUtility /tmp/noop-audit-p0-settings-whoop-20260816/DerivedData/Build/Intermediates.noindex/ZIPFoundation.build/Debug-iphonesimulator/ZIPFoundation_ZIPFoundation.build/empty-ZIPFoundation_ZIPFoundation.plist -producttype com.apple.product-type.bundle -expandbuildsettings -format binary -platform iphonesimulator -o /tmp/noop-audit-p0-settings-whoop-20260816/DerivedData/Build/Products/Debug-iphonesimulator/ZIPFoundation_ZIPFoundation.bundle/Info.plist

ProcessInfoPlistFile /tmp/noop-audit-p0-settings-whoop-20260816/DerivedData/Build/Products/Debug-iphonesimulator/WhoopProtocol_WhoopProtocol.bundle/Info.plist /tmp/noop-audit-p0-settings-whoop-20260816/DerivedData/Build/Intermediates.noindex/WhoopProtocol.build/Debug-iphonesimulator/WhoopProtocol_WhoopProtocol.build/empty-WhoopProtocol_WhoopProtocol.plist (in target 'WhoopProtocol_WhoopProtocol' from project 'WhoopProtocol')
    cd /tmp/noop-audit-p0-settings-whoop-20260816/Packages/WhoopProtocol
    builtin-infoPlistUtility /tmp/noop-audit-p0-settings-whoop-20260816/DerivedData/Build/Intermediates.noindex/WhoopProtocol.build/Debug-iphonesimulator/WhoopProtocol_WhoopProtocol.build/empty-WhoopProtocol_WhoopProtocol.plist -producttype com.apple.product-type.bundle -expandbuildsettings -format binary -platform iphonesimulator -o /tmp/noop-audit-p0-settings-whoop-20260816/DerivedData/Build/Products/Debug-iphonesimulator/WhoopProtocol_WhoopProtocol.bundle/Info.plist

ProcessInfoPlistFile /tmp/noop-audit-p0-settings-whoop-20260816/DerivedData/Build/Products/Debug-iphonesimulator/GRDB_GRDB.bundle/Info.plist /tmp/noop-audit-p0-settings-whoop-20260816/DerivedData/Build/Intermediates.noindex/GRDB.build/Debug-iphonesimulator/GRDB_GRDB.build/empty-GRDB_GRDB.plist (in target 'GRDB_GRDB' from project 'GRDB')
    cd /tmp/noop-audit-p0-settings-whoop-20260816/DerivedData/SourcePackages/checkouts/GRDB.swift
    builtin-infoPlistUtility /tmp/noop-audit-p0-settings-whoop-20260816/DerivedData/Build/Intermediates.noindex/GRDB.build/Debug-iphonesimulator/GRDB_GRDB.build/empty-GRDB_GRDB.plist -producttype com.apple.product-type.bundle -expandbuildsettings -format binary -platform iphonesimulator -o /tmp/noop-audit-p0-settings-whoop-20260816/DerivedData/Build/Products/Debug-iphonesimulator/GRDB_GRDB.bundle/Info.plist

WriteAuxiliaryFile /tmp/noop-audit-p0-settings-whoop-20260816/DerivedData/Build/Intermediates.noindex/StrandDesign.build/Debug-iphonesimulator/StrandDesign.build/Objects-normal/arm64/StrandDesign.SwiftConstValuesFileList (in target 'StrandDesign' from project 'StrandDesign')
    cd /tmp/noop-audit-p0-settings-whoop-20260816/Packages/StrandDesign
    write-file /tmp/noop-audit-p0-settings-whoop-20260816/DerivedData/Build/Intermediates.noindex/StrandDesign.build/Debug-iphonesimulator/StrandDesign.build/Objects-normal/arm64/StrandDesign.SwiftConstValuesFileList

WriteAuxiliaryFile /tmp/noop-audit-p0-settings-whoop-20260816/DerivedData/Build/Intermediates.noindex/StrandDesign.build/Debug-iphonesimulator/StrandDesign.build/Objects-normal/arm64/StrandDesign.LinkFileList (in target 'StrandDesign' from project 'StrandDesign')
    cd /tmp/noop-audit-p0-settings-whoop-20260816/Packages/StrandDesign
    write-file /tmp/noop-audit-p0-settings-whoop-20260816/DerivedData/Build/Intermediates.noindex/StrandDesign.build/Debug-iphonesimulator/StrandDesign.build/Objects-normal/arm64/StrandDesign.LinkFileList

WriteAuxiliaryFile /tmp/noop-audit-p0-settings-whoop-20260816/DerivedData/Build/Intermediates.noindex/StrandDesign.build/Debug-iphonesimulator/StrandDesign.build/Objects-normal/arm64/StrandDesign.SwiftFileList (in target 'StrandDesign' from project 'StrandDesign')
    cd /tmp/noop-audit-p0-settings-whoop-20260816/Packages/StrandDesign
    write-file /tmp/noop-audit-p0-settings-whoop-20260816/DerivedData/Build/Intermediates.noindex/StrandDesign.build/Debug-iphonesimulator/StrandDesign.build/Objects-normal/arm64/StrandDesign.SwiftFileList

WriteAuxiliaryFile /tmp/noop-audit-p0-settings-whoop-20260816/DerivedData/Build/Intermediates.noindex/StrandDesign.build/Debug-iphonesimulator/StrandDesign.build/Objects-normal/arm64/StrandDesign-OutputFileMap.json (in target 'StrandDesign' from project 'StrandDesign')
    cd /tmp/noop-audit-p0-settings-whoop-20260816/Packages/StrandDesign
    write-file /tmp/noop-audit-p0-settings-whoop-20260816/DerivedData/Build/Intermediates.noindex/StrandDesign.build/Debug-iphonesimulator/StrandDesign.build/Objects-normal/arm64/StrandDesign-OutputFileMap.json

ProcessInfoPlistFile /tmp/noop-audit-p0-settings-whoop-20260816/DerivedData/Build/Products/Debug-iphonesimulator/StrandDesign_StrandDesign.bundle/Info.plist /tmp/noop-audit-p0-settings-whoop-20260816/DerivedData/Build/Intermediates.noindex/StrandDesign.build/Debug-iphonesimulator/StrandDesign_StrandDesign.build/empty-StrandDesign_StrandDesign.plist (in target 'StrandDesign_StrandDesign' from project 'StrandDesign')
    cd /tmp/noop-audit-p0-settings-whoop-20260816/Packages/StrandDesign
    builtin-infoPlistUtility /tmp/noop-audit-p0-settings-whoop-20260816/DerivedData/Build/Intermediates.noindex/StrandDesign.build/Debug-iphonesimulator/StrandDesign_StrandDesign.build/empty-StrandDesign_StrandDesign.plist -producttype com.apple.product-type.bundle -expandbuildsettings -format binary -platform iphonesimulator -o /tmp/noop-audit-p0-settings-whoop-20260816/DerivedData/Build/Products/Debug-iphonesimulator/StrandDesign_StrandDesign.bundle/Info.plist

CompileXCStrings /tmp/noop-audit-p0-settings-whoop-20260816/DerivedData/Build/Intermediates.noindex/StrandDesign.build/Debug-iphonesimulator/StrandDesign_StrandDesign.build/ /tmp/noop-audit-p0-settings-whoop-20260816/Packages/StrandDesign/Sources/StrandDesign/Resources/Localizable.xcstrings (in target 'StrandDesign_StrandDesign' from project 'StrandDesign')
    cd /tmp/noop-audit-p0-settings-whoop-20260816/Packages/StrandDesign
    /Applications/Xcode.app/Contents/Developer/usr/bin/xcstringstool compile --output-directory /tmp/noop-audit-p0-settings-whoop-20260816/DerivedData/Build/Intermediates.noindex/StrandDesign.build/Debug-iphonesimulator/StrandDesign_StrandDesign.build /tmp/noop-audit-p0-settings-whoop-20260816/Packages/StrandDesign/Sources/StrandDesign/Resources/Localizable.xcstrings

WriteAuxiliaryFile /tmp/noop-audit-p0-settings-whoop-20260816/DerivedData/Build/Intermediates.noindex/Strand.build/Debug-iphonesimulator/NOOPiOS.build/NOOP.DependencyMetadataFileList (in target 'NOOPiOS' from project 'Strand')
    cd /tmp/noop-audit-p0-settings-whoop-20260816
    write-file /tmp/noop-audit-p0-settings-whoop-20260816/DerivedData/Build/Intermediates.noindex/Strand.build/Debug-iphonesimulator/NOOPiOS.build/NOOP.DependencyMetadataFileList

WriteAuxiliaryFile /tmp/noop-audit-p0-settings-whoop-20260816/DerivedData/Build/Intermediates.noindex/Strand.build/Debug-iphonesimulator/NOOPiOS.build/Objects-normal/arm64/NOOP.LinkFileList (in target 'NOOPiOS' from project 'Strand')
    cd /tmp/noop-audit-p0-settings-whoop-20260816
    write-file /tmp/noop-audit-p0-settings-whoop-20260816/DerivedData/Build/Intermediates.noindex/Strand.build/Debug-iphonesimulator/NOOPiOS.build/Objects-normal/arm64/NOOP.LinkFileList

CopyStringsFile /tmp/noop-audit-p0-settings-whoop-20260816/DerivedData/Build/Products/Debug-iphonesimulator/StrandDesign_StrandDesign.bundle/it.lproj/Localizable.strings /tmp/noop-audit-p0-settings-whoop-20260816/DerivedData/Build/Intermediates.noindex/StrandDesign.build/Debug-iphonesimulator/StrandDesign_StrandDesign.build/it.lproj/Localizable.strings (in target 'StrandDesign_StrandDesign' from project 'StrandDesign')
    cd /tmp/noop-audit-p0-settings-whoop-20260816/Packages/StrandDesign
    builtin-copyStrings --validate --outputencoding binary --outfilename Localizable.strings --outdir /tmp/noop-audit-p0-settings-whoop-20260816/DerivedData/Build/Products/Debug-iphonesimulator/StrandDesign_StrandDesign.bundle/it.lproj -- /tmp/noop-audit-p0-settings-whoop-20260816/DerivedData/Build/Intermediates.noindex/StrandDesign.build/Debug-iphonesimulator/StrandDesign_StrandDesign.build/it.lproj/Localizable.strings
/tmp/noop-audit-p0-settings-whoop-20260816/DerivedData/Build/Intermediates.noindex/StrandDesign.build/Debug-iphonesimulator/StrandDesign_StrandDesign.build/it.lproj/Localizable.strings:1:1: note: detected encoding of input file as Unicode (UTF-8) (in target 'StrandDesign_StrandDesign' from project 'StrandDesign')

CopyStringsFile /tmp/noop-audit-p0-settings-whoop-20260816/DerivedData/Build/Products/Debug-iphonesimulator/StrandDesign_StrandDesign.bundle/pt-PT.lproj/Localizable.strings /tmp/noop-audit-p0-settings-whoop-20260816/DerivedData/Build/Intermediates.noindex/StrandDesign.build/Debug-iphonesimulator/StrandDesign_StrandDesign.build/pt-PT.lproj/Localizable.strings (in target 'StrandDesign_StrandDesign' from project 'StrandDesign')
    cd /tmp/noop-audit-p0-settings-whoop-20260816/Packages/StrandDesign
    builtin-copyStrings --validate --outputencoding binary --outfilename Localizable.strings --outdir /tmp/noop-audit-p0-settings-whoop-20260816/DerivedData/Build/Products/Debug-iphonesimulator/StrandDesign_StrandDesign.bundle/pt-PT.lproj -- /tmp/noop-audit-p0-settings-whoop-20260816/DerivedData/Build/Intermediates.noindex/StrandDesign.build/Debug-iphonesimulator/StrandDesign_StrandDesign.build/pt-PT.lproj/Localizable.strings
/tmp/noop-audit-p0-settings-whoop-20260816/DerivedData/Build/Intermediates.noindex/StrandDesign.build/Debug-iphonesimulator/StrandDesign_StrandDesign.build/pt-PT.lproj/Localizable.strings:1:1: note: detected encoding of input file as Unicode (UTF-8) (in target 'StrandDesign_StrandDesign' from project 'StrandDesign')

CopyStringsFile /tmp/noop-audit-p0-settings-whoop-20260816/DerivedData/Build/Products/Debug-iphonesimulator/StrandDesign_StrandDesign.bundle/zh-Hant.lproj/Localizable.strings /tmp/noop-audit-p0-settings-whoop-20260816/DerivedData/Build/Intermediates.noindex/StrandDesign.build/Debug-iphonesimulator/StrandDesign_StrandDesign.build/zh-Hant.lproj/Localizable.strings (in target 'StrandDesign_StrandDesign' from project 'StrandDesign')
    cd /tmp/noop-audit-p0-settings-whoop-20260816/Packages/StrandDesign
    builtin-copyStrings --validate --outputencoding binary --outfilename Localizable.strings --outdir /tmp/noop-audit-p0-settings-whoop-20260816/DerivedData/Build/Products/Debug-iphonesimulator/StrandDesign_StrandDesign.bundle/zh-Hant.lproj -- /tmp/noop-audit-p0-settings-whoop-20260816/DerivedData/Build/Intermediates.noindex/StrandDesign.build/Debug-iphonesimulator/StrandDesign_StrandDesign.build/zh-Hant.lproj/Localizable.strings
/tmp/noop-audit-p0-settings-whoop-20260816/DerivedData/Build/Intermediates.noindex/StrandDesign.build/Debug-iphonesimulator/StrandDesign_StrandDesign.build/zh-Hant.lproj/Localizable.strings:1:1: note: detected encoding of input file as Unicode (UTF-8) (in target 'StrandDesign_StrandDesign' from project 'StrandDesign')

CopyStringsFile /tmp/noop-audit-p0-settings-whoop-20260816/DerivedData/Build/Products/Debug-iphonesimulator/StrandDesign_StrandDesign.bundle/en.lproj/Localizable.strings /tmp/noop-audit-p0-settings-whoop-20260816/DerivedData/Build/Intermediates.noindex/StrandDesign.build/Debug-iphonesimulator/StrandDesign_StrandDesign.build/en.lproj/Localizable.strings (in target 'StrandDesign_StrandDesign' from project 'StrandDesign')
    cd /tmp/noop-audit-p0-settings-whoop-20260816/Packages/StrandDesign
    builtin-copyStrings --validate --outputencoding binary --outfilename Localizable.strings --outdir /tmp/noop-audit-p0-settings-whoop-20260816/DerivedData/Build/Products/Debug-iphonesimulator/StrandDesign_StrandDesign.bundle/en.lproj -- /tmp/noop-audit-p0-settings-whoop-20260816/DerivedData/Build/Intermediates.noindex/StrandDesign.build/Debug-iphonesimulator/StrandDesign_StrandDesign.build/en.lproj/Localizable.strings
/tmp/noop-audit-p0-settings-whoop-20260816/DerivedData/Build/Intermediates.noindex/StrandDesign.build/Debug-iphonesimulator/StrandDesign_StrandDesign.build/en.lproj/Localizable.strings:1:1: note: detected encoding of input file as Unicode (UTF-8) (in target 'StrandDesign_StrandDesign' from project 'StrandDesign')

CopyStringsFile /tmp/noop-audit-p0-settings-whoop-20260816/DerivedData/Build/Products/Debug-iphonesimulator/StrandDesign_StrandDesign.bundle/de.lproj/Localizable.strings /tmp/noop-audit-p0-settings-whoop-20260816/DerivedData/Build/Intermediates.noindex/StrandDesign.build/Debug-iphonesimulator/StrandDesign_StrandDesign.build/de.lproj/Localizable.strings (in target 'StrandDesign_StrandDesign' from project 'StrandDesign')
    cd /tmp/noop-audit-p0-settings-whoop-20260816/Packages/StrandDesign
    builtin-copyStrings --validate --outputencoding binary --outfilename Localizable.strings --outdir /tmp/noop-audit-p0-settings-whoop-20260816/DerivedData/Build/Products/Debug-iphonesimulator/StrandDesign_StrandDesign.bundle/de.lproj -- /tmp/noop-audit-p0-settings-whoop-20260816/DerivedData/Build/Intermediates.noindex/StrandDesign.build/Debug-iphonesimulator/StrandDesign_StrandDesign.build/de.lproj/Localizable.strings
/tmp/noop-audit-p0-settings-whoop-20260816/DerivedData/Build/Intermediates.noindex/StrandDesign.build/Debug-iphonesimulator/StrandDesign_StrandDesign.build/de.lproj/Localizable.strings:1:1: note: detected encoding of input file as Unicode (UTF-8) (in target 'StrandDesign_StrandDesign' from project 'StrandDesign')

CopyStringsFile /tmp/noop-audit-p0-settings-whoop-20260816/DerivedData/Build/Products/Debug-iphonesimulator/StrandDesign_StrandDesign.bundle/zh-Hans.lproj/Localizable.strings /tmp/noop-audit-p0-settings-whoop-20260816/DerivedData/Build/Intermediates.noindex/StrandDesign.build/Debug-iphonesimulator/StrandDesign_StrandDesign.build/zh-Hans.lproj/Localizable.strings (in target 'StrandDesign_StrandDesign' from project 'StrandDesign')
    cd /tmp/noop-audit-p0-settings-whoop-20260816/Packages/StrandDesign
    builtin-copyStrings --validate --outputencoding binary --outfilename Localizable.strings --outdir /tmp/noop-audit-p0-settings-whoop-20260816/DerivedData/Build/Products/Debug-iphonesimulator/StrandDesign_StrandDesign.bundle/zh-Hans.lproj -- /tmp/noop-audit-p0-settings-whoop-20260816/DerivedData/Build/Intermediates.noindex/StrandDesign.build/Debug-iphonesimulator/StrandDesign_StrandDesign.build/zh-Hans.lproj/Localizable.strings
/tmp/noop-audit-p0-settings-whoop-20260816/DerivedData/Build/Intermediates.noindex/StrandDesign.build/Debug-iphonesimulator/StrandDesign_StrandDesign.build/zh-Hans.lproj/Localizable.strings:1:1: note: detected encoding of input file as Unicode (UTF-8) (in target 'StrandDesign_StrandDesign' from project 'StrandDesign')

CopyStringsFile /tmp/noop-audit-p0-settings-whoop-20260816/DerivedData/Build/Products/Debug-iphonesimulator/StrandDesign_StrandDesign.bundle/ru.lproj/Localizable.strings /tmp/noop-audit-p0-settings-whoop-20260816/DerivedData/Build/Intermediates.noindex/StrandDesign.build/Debug-iphonesimulator/StrandDesign_StrandDesign.build/ru.lproj/Localizable.strings (in target 'StrandDesign_StrandDesign' from project 'StrandDesign')
    cd /tmp/noop-audit-p0-settings-whoop-20260816/Packages/StrandDesign
    builtin-copyStrings --validate --outputencoding binary --outfilename Localizable.strings --outdir /tmp/noop-audit-p0-settings-whoop-20260816/DerivedData/Build/Products/Debug-iphonesimulator/StrandDesign_StrandDesign.bundle/ru.lproj -- /tmp/noop-audit-p0-settings-whoop-20260816/DerivedData/Build/Intermediates.noindex/StrandDesign.build/Debug-iphonesimulator/StrandDesign_StrandDesign.build/ru.lproj/Localizable.strings
/tmp/noop-audit-p0-settings-whoop-20260816/DerivedData/Build/Intermediates.noindex/StrandDesign.build/Debug-iphonesimulator/StrandDesign_StrandDesign.build/ru.lproj/Localizable.strings:1:1: note: detected encoding of input file as Unicode (UTF-8) (in target 'StrandDesign_StrandDesign' from project 'StrandDesign')

CopyStringsFile /tmp/noop-audit-p0-settings-whoop-20260816/DerivedData/Build/Products/Debug-iphonesimulator/StrandDesign_StrandDesign.bundle/fr.lproj/Localizable.strings /tmp/noop-audit-p0-settings-whoop-20260816/DerivedData/Build/Intermediates.noindex/StrandDesign.build/Debug-iphonesimulator/StrandDesign_StrandDesign.build/fr.lproj/Localizable.strings (in target 'StrandDesign_StrandDesign' from project 'StrandDesign')
    cd /tmp/noop-audit-p0-settings-whoop-20260816/Packages/StrandDesign
    builtin-copyStrings --validate --outputencoding binary --outfilename Localizable.strings --outdir /tmp/noop-audit-p0-settings-whoop-20260816/DerivedData/Build/Products/Debug-iphonesimulator/StrandDesign_StrandDesign.bundle/fr.lproj -- /tmp/noop-audit-p0-settings-whoop-20260816/DerivedData/Build/Intermediates.noindex/StrandDesign.build/Debug-iphonesimulator/StrandDesign_StrandDesign.build/fr.lproj/Localizable.strings
/tmp/noop-audit-p0-settings-whoop-20260816/DerivedData/Build/Intermediates.noindex/StrandDesign.build/Debug-iphonesimulator/StrandDesign_StrandDesign.build/fr.lproj/Localizable.strings:1:1: note: detected encoding of input file as Unicode (UTF-8) (in target 'StrandDesign_StrandDesign' from project 'StrandDesign')

CopyStringsFile /tmp/noop-audit-p0-settings-whoop-20260816/DerivedData/Build/Products/Debug-iphonesimulator/StrandDesign_StrandDesign.bundle/es.lproj/Localizable.strings /tmp/noop-audit-p0-settings-whoop-20260816/DerivedData/Build/Intermediates.noindex/StrandDesign.build/Debug-iphonesimulator/StrandDesign_StrandDesign.build/es.lproj/Localizable.strings (in target 'StrandDesign_StrandDesign' from project 'StrandDesign')
    cd /tmp/noop-audit-p0-settings-whoop-20260816/Packages/StrandDesign
    builtin-copyStrings --validate --outputencoding binary --outfilename Localizable.strings --outdir /tmp/noop-audit-p0-settings-whoop-20260816/DerivedData/Build/Products/Debug-iphonesimulator/StrandDesign_StrandDesign.bundle/es.lproj -- /tmp/noop-audit-p0-settings-whoop-20260816/DerivedData/Build/Intermediates.noindex/StrandDesign.build/Debug-iphonesimulator/StrandDesign_StrandDesign.build/es.lproj/Localizable.strings
/tmp/noop-audit-p0-settings-whoop-20260816/DerivedData/Build/Intermediates.noindex/StrandDesign.build/Debug-iphonesimulator/StrandDesign_StrandDesign.build/es.lproj/Localizable.strings:1:1: note: detected encoding of input file as Unicode (UTF-8) (in target 'StrandDesign_StrandDesign' from project 'StrandDesign')

SwiftDriver StrandDesign normal arm64 com.apple.xcode.tools.swift.compiler (in target 'StrandDesign' from project 'StrandDesign')
    cd /tmp/noop-audit-p0-settings-whoop-20260816/Strand.xcodeproj
    builtin-SwiftDriver -- /Applications/Xcode.app/Contents/Developer/Toolchains/XcodeDefault.xctoolchain/usr/bin/swiftc -module-name StrandDesign -Onone @/tmp/noop-audit-p0-settings-whoop-20260816/DerivedData/Build/Intermediates.noindex/StrandDesign.build/Debug-iphonesimulator/StrandDesign.build/Objects-normal/arm64/StrandDesign.SwiftFileList -DSWIFT_PACKAGE -DDEBUG -DSWIFT_MODULE_RESOURCE_BUNDLE_AVAILABLE -DXcode -plugin-path /Applications/Xcode.app/Contents/Developer/Toolchains/XcodeDefault.xctoolchain/usr/lib/swift/host/plugins/testing -enable-experimental-feature DebugDescriptionMacro -sdk /Applications/Xcode.app/Contents/Developer/Platforms/iPhoneSimulator.platform/Developer/SDKs/iPhoneSimulator26.5.sdk -target arm64-apple-ios17.0-simulator -g -module-cache-path /tmp/noop-audit-p0-settings-whoop-20260816/DerivedData/ModuleCache.noindex -Xfrontend -serialize-debugging-options -enable-testing -index-store-path /tmp/noop-audit-p0-settings-whoop-20260816/DerivedData/Index.noindex/DataStore -Xcc -D_LIBCPP_HARDENING_MODE\=_LIBCPP_HARDENING_MODE_DEBUG -swift-version 5 -I /tmp/noop-audit-p0-settings-whoop-20260816/DerivedData/Build/Products/Debug-iphonesimulator -Isystem /Applications/Xcode.app/Contents/Developer/Platforms/iPhoneSimulator.platform/Developer/usr/lib -F /tmp/noop-audit-p0-settings-whoop-20260816/DerivedData/Build/Products/Debug-iphonesimulator -F /Applications/Xcode.app/Contents/Developer/Platforms/iPhoneSimulator.platform/Developer/Library/Frameworks -F /Applications/Xcode.app/Contents/Developer/Platforms/iPhoneSimulator.platform/Developer/SDKs/iPhoneSimulator26.5.sdk/Developer/Library/Frameworks -emit-localized-strings -emit-localized-strings-path /tmp/noop-audit-p0-settings-whoop-20260816/DerivedData/Build/Intermediates.noindex/StrandDesign.build/Debug-iphonesimulator/StrandDesign.build/Objects-normal/arm64 -c -j8 -enable-batch-mode -incremental -Xcc -ivfsstatcache -Xcc /tmp/noop-audit-p0-settings-whoop-20260816/DerivedData/SDKStatCaches.noindex/iphonesimulator26.5-23F81a-6cfe768891a92b912361537c460fe42b.sdkstatcache -output-file-map /tmp/noop-audit-p0-settings-whoop-20260816/DerivedData/Build/Intermediates.noindex/StrandDesign.build/Debug-iphonesimulator/StrandDesign.build/Objects-normal/arm64/StrandDesign-OutputFileMap.json -use-frontend-parseable-output -save-temps -no-color-diagnostics -explicit-module-build -module-cache-path /tmp/noop-audit-p0-settings-whoop-20260816/DerivedData/Build/Intermediates.noindex/SwiftExplicitPrecompiledModules -clang-scanner-module-cache-path /tmp/noop-audit-p0-settings-whoop-20260816/DerivedData/ModuleCache.noindex -sdk-module-cache-path /tmp/noop-audit-p0-settings-whoop-20260816/DerivedData/ModuleCache.noindex -serialize-diagnostics -emit-dependencies -emit-module -emit-module-path /tmp/noop-audit-p0-settings-whoop-20260816/DerivedData/Build/Intermediates.noindex/StrandDesign.build/Debug-iphonesimulator/StrandDesign.build/Objects-normal/arm64/StrandDesign.swiftmodule -validate-clang-modules-once -clang-build-session-file /tmp/noop-audit-p0-settings-whoop-20260816/DerivedData/ModuleCache.noindex/Session.modulevalidation -package-name stranddesign -Xcc -I/tmp/noop-audit-p0-settings-whoop-20260816/DerivedData/Build/Intermediates.noindex/StrandDesign.build/Debug-iphonesimulator/StrandDesign.build/swift-overrides.hmap -emit-const-values -Xfrontend -const-gather-protocols-file -Xfrontend /tmp/noop-audit-p0-settings-whoop-20260816/DerivedData/Build/Intermediates.noindex/StrandDesign.build/Debug-iphonesimulator/StrandDesign.build/Objects-normal/arm64/StrandDesign_const_extract_protocols.json -Xcc -I/tmp/noop-audit-p0-settings-whoop-20260816/DerivedData/Build/Products/Debug-iphonesimulator/include -Xcc -I/tmp/noop-audit-p0-settings-whoop-20260816/DerivedData/Build/Intermediates.noindex/StrandDesign.build/Debug-iphonesimulator/StrandDesign.build/DerivedSources-normal/arm64 -Xcc -I/tmp/noop-audit-p0-settings-whoop-20260816/DerivedData/Build/Intermediates.noindex/StrandDesign.build/Debug-iphonesimulator/StrandDesign.build/DerivedSources/arm64 -Xcc -I/tmp/noop-audit-p0-settings-whoop-20260816/DerivedData/Build/Intermediates.noindex/StrandDesign.build/Debug-iphonesimulator/StrandDesign.build/DerivedSources -Xcc -DSWIFT_PACKAGE -Xcc -DDEBUG\=1 -emit-objc-header -emit-objc-header-path /tmp/noop-audit-p0-settings-whoop-20260816/DerivedData/Build/Intermediates.noindex/StrandDesign.build/Debug-iphonesimulator/StrandDesign.build/Objects-normal/arm64/StrandDesign-Swift.h -working-directory /tmp/noop-audit-p0-settings-whoop-20260816/Strand.xcodeproj -experimental-emit-module-separately -disable-cmo

WriteAuxiliaryFile /tmp/noop-audit-p0-settings-whoop-20260816/DerivedData/Build/Intermediates.noindex/WhoopStore.build/Debug-iphonesimulator/WhoopStore.build/WhoopStore.DependencyMetadataFileList (in target 'WhoopStore' from project 'WhoopStore')
    cd /tmp/noop-audit-p0-settings-whoop-20260816/Packages/WhoopStore
    write-file /tmp/noop-audit-p0-settings-whoop-20260816/DerivedData/Build/Intermediates.noindex/WhoopStore.build/Debug-iphonesimulator/WhoopStore.build/WhoopStore.DependencyMetadataFileList

ExtractAppIntentsMetadata (in target 'WhoopStore' from project 'WhoopStore')
    cd /tmp/noop-audit-p0-settings-whoop-20260816/Packages/WhoopStore
    /Applications/Xcode.app/Contents/Developer/Toolchains/XcodeDefault.xctoolchain/usr/bin/appintentsmetadataprocessor --toolchain-dir /Applications/Xcode.app/Contents/Developer/Toolchains/XcodeDefault.xctoolchain --module-name WhoopStore --sdk-root /Applications/Xcode.app/Contents/Developer/Platforms/iPhoneSimulator.platform/Developer/SDKs/iPhoneSimulator26.5.sdk --xcode-version 17F113 --platform-family iOS --deployment-target 16.0 --bundle-identifier whoopstore.WhoopStore --output /tmp/noop-audit-p0-settings-whoop-20260816/DerivedData/Build/Products/Debug-iphonesimulator/WhoopStore.appintents --target-triple arm64-apple-ios16.0-simulator --binary-file /tmp/noop-audit-p0-settings-whoop-20260816/DerivedData/Build/Products/Debug-iphonesimulator/WhoopStore.o --dependency-file /tmp/noop-audit-p0-settings-whoop-20260816/DerivedData/Build/Intermediates.noindex/WhoopStore.build/Debug-iphonesimulator/WhoopStore.build/Objects-normal/arm64/WhoopStore_dependency_info.dat --stringsdata-file /tmp/noop-audit-p0-settings-whoop-20260816/DerivedData/Build/Intermediates.noindex/WhoopStore.build/Debug-iphonesimulator/WhoopStore.build/Objects-normal/arm64/ExtractedAppShortcutsMetadata.stringsdata --source-file-list /tmp/noop-audit-p0-settings-whoop-20260816/DerivedData/Build/Intermediates.noindex/WhoopStore.build/Debug-iphonesimulator/WhoopStore.build/Objects-normal/arm64/WhoopStore.SwiftFileList --metadata-file-list /tmp/noop-audit-p0-settings-whoop-20260816/DerivedData/Build/Intermediates.noindex/WhoopStore.build/Debug-iphonesimulator/WhoopStore.build/WhoopStore.DependencyMetadataFileList --static-metadata-file-list /tmp/noop-audit-p0-settings-whoop-20260816/DerivedData/Build/Intermediates.noindex/WhoopStore.build/Debug-iphonesimulator/WhoopStore.build/WhoopStore.DependencyStaticMetadataFileList --swift-const-vals-list /tmp/noop-audit-p0-settings-whoop-20260816/DerivedData/Build/Intermediates.noindex/WhoopStore.build/Debug-iphonesimulator/WhoopStore.build/Objects-normal/arm64/WhoopStore.SwiftConstValuesFileList --force --compile-time-extraction --deployment-aware-processing --validate-assistant-intents --no-app-shortcuts-localization
2026-08-16 18:27:32.946 appintentsmetadataprocessor[5437:5320313] Starting appintentsmetadataprocessor export
2026-08-16 18:27:32.979 appintentsmetadataprocessor[5437:5320313] Extracted no relevant App Intents symbols, skipping writing output

WriteAuxiliaryFile /tmp/noop-audit-p0-settings-whoop-20260816/DerivedData/Build/Intermediates.noindex/StrandAnalytics.build/Debug-iphonesimulator/StrandAnalytics.build/StrandAnalytics.DependencyMetadataFileList (in target 'StrandAnalytics' from project 'StrandAnalytics')
    cd /tmp/noop-audit-p0-settings-whoop-20260816/Packages/StrandAnalytics
    write-file /tmp/noop-audit-p0-settings-whoop-20260816/DerivedData/Build/Intermediates.noindex/StrandAnalytics.build/Debug-iphonesimulator/StrandAnalytics.build/StrandAnalytics.DependencyMetadataFileList

WriteAuxiliaryFile /tmp/noop-audit-p0-settings-whoop-20260816/DerivedData/Build/Intermediates.noindex/StrandImport.build/Debug-iphonesimulator/StrandImport.build/StrandImport.DependencyMetadataFileList (in target 'StrandImport' from project 'StrandImport')
    cd /tmp/noop-audit-p0-settings-whoop-20260816/Packages/StrandImport
    write-file /tmp/noop-audit-p0-settings-whoop-20260816/DerivedData/Build/Intermediates.noindex/StrandImport.build/Debug-iphonesimulator/StrandImport.build/StrandImport.DependencyMetadataFileList

ExtractAppIntentsMetadata (in target 'StrandImport' from project 'StrandImport')
    cd /tmp/noop-audit-p0-settings-whoop-20260816/Packages/StrandImport
    /Applications/Xcode.app/Contents/Developer/Toolchains/XcodeDefault.xctoolchain/usr/bin/appintentsmetadataprocessor --toolchain-dir /Applications/Xcode.app/Contents/Developer/Toolchains/XcodeDefault.xctoolchain --module-name StrandImport --sdk-root /Applications/Xcode.app/Contents/Developer/Platforms/iPhoneSimulator.platform/Developer/SDKs/iPhoneSimulator26.5.sdk --xcode-version 17F113 --platform-family iOS --deployment-target 16.0 --bundle-identifier strandimport.StrandImport --output /tmp/noop-audit-p0-settings-whoop-20260816/DerivedData/Build/Products/Debug-iphonesimulator/StrandImport.appintents --target-triple arm64-apple-ios16.0-simulator --binary-file /tmp/noop-audit-p0-settings-whoop-20260816/DerivedData/Build/Products/Debug-iphonesimulator/StrandImport.o --dependency-file /tmp/noop-audit-p0-settings-whoop-20260816/DerivedData/Build/Intermediates.noindex/StrandImport.build/Debug-iphonesimulator/StrandImport.build/Objects-normal/arm64/StrandImport_dependency_info.dat --stringsdata-file /tmp/noop-audit-p0-settings-whoop-20260816/DerivedData/Build/Intermediates.noindex/StrandImport.build/Debug-iphonesimulator/StrandImport.build/Objects-normal/arm64/ExtractedAppShortcutsMetadata.stringsdata --source-file-list /tmp/noop-audit-p0-settings-whoop-20260816/DerivedData/Build/Intermediates.noindex/StrandImport.build/Debug-iphonesimulator/StrandImport.build/Objects-normal/arm64/StrandImport.SwiftFileList --metadata-file-list /tmp/noop-audit-p0-settings-whoop-20260816/DerivedData/Build/Intermediates.noindex/StrandImport.build/Debug-iphonesimulator/StrandImport.build/StrandImport.DependencyMetadataFileList --static-metadata-file-list /tmp/noop-audit-p0-settings-whoop-20260816/DerivedData/Build/Intermediates.noindex/StrandImport.build/Debug-iphonesimulator/StrandImport.build/StrandImport.DependencyStaticMetadataFileList --swift-const-vals-list /tmp/noop-audit-p0-settings-whoop-20260816/DerivedData/Build/Intermediates.noindex/StrandImport.build/Debug-iphonesimulator/StrandImport.build/Objects-normal/arm64/StrandImport.SwiftConstValuesFileList --force --compile-time-extraction --deployment-aware-processing --validate-assistant-intents --no-app-shortcuts-localization
2026-08-16 18:27:32.998 appintentsmetadataprocessor[5438:5320316] Starting appintentsmetadataprocessor export
2026-08-16 18:27:33.013 appintentsmetadataprocessor[5438:5320316] Extracted no relevant App Intents symbols, skipping writing output

ExtractAppIntentsMetadata (in target 'StrandAnalytics' from project 'StrandAnalytics')
    cd /tmp/noop-audit-p0-settings-whoop-20260816/Packages/StrandAnalytics
    /Applications/Xcode.app/Contents/Developer/Toolchains/XcodeDefault.xctoolchain/usr/bin/appintentsmetadataprocessor --toolchain-dir /Applications/Xcode.app/Contents/Developer/Toolchains/XcodeDefault.xctoolchain --module-name StrandAnalytics --sdk-root /Applications/Xcode.app/Contents/Developer/Platforms/iPhoneSimulator.platform/Developer/SDKs/iPhoneSimulator26.5.sdk --xcode-version 17F113 --platform-family iOS --deployment-target 17.0 --bundle-identifier strandanalytics.StrandAnalytics --output /tmp/noop-audit-p0-settings-whoop-20260816/DerivedData/Build/Products/Debug-iphonesimulator/StrandAnalytics.appintents --target-triple arm64-apple-ios17.0-simulator --binary-file /tmp/noop-audit-p0-settings-whoop-20260816/DerivedData/Build/Products/Debug-iphonesimulator/StrandAnalytics.o --dependency-file /tmp/noop-audit-p0-settings-whoop-20260816/DerivedData/Build/Intermediates.noindex/StrandAnalytics.build/Debug-iphonesimulator/StrandAnalytics.build/Objects-normal/arm64/StrandAnalytics_dependency_info.dat --stringsdata-file /tmp/noop-audit-p0-settings-whoop-20260816/DerivedData/Build/Intermediates.noindex/StrandAnalytics.build/Debug-iphonesimulator/StrandAnalytics.build/Objects-normal/arm64/ExtractedAppShortcutsMetadata.stringsdata --source-file-list /tmp/noop-audit-p0-settings-whoop-20260816/DerivedData/Build/Intermediates.noindex/StrandAnalytics.build/Debug-iphonesimulator/StrandAnalytics.build/Objects-normal/arm64/StrandAnalytics.SwiftFileList --metadata-file-list /tmp/noop-audit-p0-settings-whoop-20260816/DerivedData/Build/Intermediates.noindex/StrandAnalytics.build/Debug-iphonesimulator/StrandAnalytics.build/StrandAnalytics.DependencyMetadataFileList --static-metadata-file-list /tmp/noop-audit-p0-settings-whoop-20260816/DerivedData/Build/Intermediates.noindex/StrandAnalytics.build/Debug-iphonesimulator/StrandAnalytics.build/StrandAnalytics.DependencyStaticMetadataFileList --swift-const-vals-list /tmp/noop-audit-p0-settings-whoop-20260816/DerivedData/Build/Intermediates.noindex/StrandAnalytics.build/Debug-iphonesimulator/StrandAnalytics.build/Objects-normal/arm64/StrandAnalytics.SwiftConstValuesFileList --force --compile-time-extraction --deployment-aware-processing --validate-assistant-intents --no-app-shortcuts-localization
2026-08-16 18:27:32.999 appintentsmetadataprocessor[5439:5320317] Starting appintentsmetadataprocessor export
2026-08-16 18:27:33.018 appintentsmetadataprocessor[5439:5320317] Extracted no relevant App Intents symbols, skipping writing output

SwiftEmitModule normal arm64 Emitting\ module\ for\ StrandDesign (in target 'StrandDesign' from project 'StrandDesign')

EmitSwiftModule normal arm64 (in target 'StrandDesign' from project 'StrandDesign')
    cd /tmp/noop-audit-p0-settings-whoop-20260816/Strand.xcodeproj
    

SwiftCompile normal arm64 Compiling\ SettingsCatalog.swift /tmp/noop-audit-p0-settings-whoop-20260816/Packages/StrandDesign/Sources/StrandDesign/SettingsCatalog.swift (in target 'StrandDesign' from project 'StrandDesign')

SwiftCompile normal arm64 /tmp/noop-audit-p0-settings-whoop-20260816/Packages/StrandDesign/Sources/StrandDesign/SettingsCatalog.swift (in target 'StrandDesign' from project 'StrandDesign')
    cd /tmp/noop-audit-p0-settings-whoop-20260816/Strand.xcodeproj
    

SwiftDriverJobDiscovery normal arm64 Compiling SettingsCatalog.swift (in target 'StrandDesign' from project 'StrandDesign')

SwiftCompile normal arm64 Compiling\ SettingsKitComponents.swift /tmp/noop-audit-p0-settings-whoop-20260816/Packages/StrandDesign/Sources/StrandDesign/SettingsKitComponents.swift (in target 'StrandDesign' from project 'StrandDesign')

SwiftCompile normal arm64 /tmp/noop-audit-p0-settings-whoop-20260816/Packages/StrandDesign/Sources/StrandDesign/SettingsKitComponents.swift (in target 'StrandDesign' from project 'StrandDesign')
    cd /tmp/noop-audit-p0-settings-whoop-20260816/Strand.xcodeproj
    

SwiftDriverJobDiscovery normal arm64 Compiling SettingsKitComponents.swift (in target 'StrandDesign' from project 'StrandDesign')

SwiftDriverJobDiscovery normal arm64 Emitting module for StrandDesign (in target 'StrandDesign' from project 'StrandDesign')

SwiftDriver\ Compilation\ Requirements StrandDesign normal arm64 com.apple.xcode.tools.swift.compiler (in target 'StrandDesign' from project 'StrandDesign')
    cd /tmp/noop-audit-p0-settings-whoop-20260816/Strand.xcodeproj
    builtin-Swift-Compilation-Requirements -- /Applications/Xcode.app/Contents/Developer/Toolchains/XcodeDefault.xctoolchain/usr/bin/swiftc -module-name StrandDesign -Onone @/tmp/noop-audit-p0-settings-whoop-20260816/DerivedData/Build/Intermediates.noindex/StrandDesign.build/Debug-iphonesimulator/StrandDesign.build/Objects-normal/arm64/StrandDesign.SwiftFileList -DSWIFT_PACKAGE -DDEBUG -DSWIFT_MODULE_RESOURCE_BUNDLE_AVAILABLE -DXcode -plugin-path /Applications/Xcode.app/Contents/Developer/Toolchains/XcodeDefault.xctoolchain/usr/lib/swift/host/plugins/testing -enable-experimental-feature DebugDescriptionMacro -sdk /Applications/Xcode.app/Contents/Developer/Platforms/iPhoneSimulator.platform/Developer/SDKs/iPhoneSimulator26.5.sdk -target arm64-apple-ios17.0-simulator -g -module-cache-path /tmp/noop-audit-p0-settings-whoop-20260816/DerivedData/ModuleCache.noindex -Xfrontend -serialize-debugging-options -enable-testing -index-store-path /tmp/noop-audit-p0-settings-whoop-20260816/DerivedData/Index.noindex/DataStore -Xcc -D_LIBCPP_HARDENING_MODE\=_LIBCPP_HARDENING_MODE_DEBUG -swift-version 5 -I /tmp/noop-audit-p0-settings-whoop-20260816/DerivedData/Build/Products/Debug-iphonesimulator -Isystem /Applications/Xcode.app/Contents/Developer/Platforms/iPhoneSimulator.platform/Developer/usr/lib -F /tmp/noop-audit-p0-settings-whoop-20260816/DerivedData/Build/Products/Debug-iphonesimulator -F /Applications/Xcode.app/Contents/Developer/Platforms/iPhoneSimulator.platform/Developer/Library/Frameworks -F /Applications/Xcode.app/Contents/Developer/Platforms/iPhoneSimulator.platform/Developer/SDKs/iPhoneSimulator26.5.sdk/Developer/Library/Frameworks -emit-localized-strings -emit-localized-strings-path /tmp/noop-audit-p0-settings-whoop-20260816/DerivedData/Build/Intermediates.noindex/StrandDesign.build/Debug-iphonesimulator/StrandDesign.build/Objects-normal/arm64 -c -j8 -enable-batch-mode -incremental -Xcc -ivfsstatcache -Xcc /tmp/noop-audit-p0-settings-whoop-20260816/DerivedData/SDKStatCaches.noindex/iphonesimulator26.5-23F81a-6cfe768891a92b912361537c460fe42b.sdkstatcache -output-file-map /tmp/noop-audit-p0-settings-whoop-20260816/DerivedData/Build/Intermediates.noindex/StrandDesign.build/Debug-iphonesimulator/StrandDesign.build/Objects-normal/arm64/StrandDesign-OutputFileMap.json -use-frontend-parseable-output -save-temps -no-color-diagnostics -explicit-module-build -module-cache-path /tmp/noop-audit-p0-settings-whoop-20260816/DerivedData/Build/Intermediates.noindex/SwiftExplicitPrecompiledModules -clang-scanner-module-cache-path /tmp/noop-audit-p0-settings-whoop-20260816/DerivedData/ModuleCache.noindex -sdk-module-cache-path /tmp/noop-audit-p0-settings-whoop-20260816/DerivedData/ModuleCache.noindex -serialize-diagnostics -emit-dependencies -emit-module -emit-module-path /tmp/noop-audit-p0-settings-whoop-20260816/DerivedData/Build/Intermediates.noindex/StrandDesign.build/Debug-iphonesimulator/StrandDesign.build/Objects-normal/arm64/StrandDesign.swiftmodule -validate-clang-modules-once -clang-build-session-file /tmp/noop-audit-p0-settings-whoop-20260816/DerivedData/ModuleCache.noindex/Session.modulevalidation -package-name stranddesign -Xcc -I/tmp/noop-audit-p0-settings-whoop-20260816/DerivedData/Build/Intermediates.noindex/StrandDesign.build/Debug-iphonesimulator/StrandDesign.build/swift-overrides.hmap -emit-const-values -Xfrontend -const-gather-protocols-file -Xfrontend /tmp/noop-audit-p0-settings-whoop-20260816/DerivedData/Build/Intermediates.noindex/StrandDesign.build/Debug-iphonesimulator/StrandDesign.build/Objects-normal/arm64/StrandDesign_const_extract_protocols.json -Xcc -I/tmp/noop-audit-p0-settings-whoop-20260816/DerivedData/Build/Products/Debug-iphonesimulator/include -Xcc -I/tmp/noop-audit-p0-settings-whoop-20260816/DerivedData/Build/Intermediates.noindex/StrandDesign.build/Debug-iphonesimulator/StrandDesign.build/DerivedSources-normal/arm64 -Xcc -I/tmp/noop-audit-p0-settings-whoop-20260816/DerivedData/Build/Intermediates.noindex/StrandDesign.build/Debug-iphonesimulator/StrandDesign.build/DerivedSources/arm64 -Xcc -I/tmp/noop-audit-p0-settings-whoop-20260816/DerivedData/Build/Intermediates.noindex/StrandDesign.build/Debug-iphonesimulator/StrandDesign.build/DerivedSources -Xcc -DSWIFT_PACKAGE -Xcc -DDEBUG\=1 -emit-objc-header -emit-objc-header-path /tmp/noop-audit-p0-settings-whoop-20260816/DerivedData/Build/Intermediates.noindex/StrandDesign.build/Debug-iphonesimulator/StrandDesign.build/Objects-normal/arm64/StrandDesign-Swift.h -working-directory /tmp/noop-audit-p0-settings-whoop-20260816/Strand.xcodeproj -experimental-emit-module-separately -disable-cmo

SwiftDriver\ Compilation StrandDesign normal arm64 com.apple.xcode.tools.swift.compiler (in target 'StrandDesign' from project 'StrandDesign')
    cd /tmp/noop-audit-p0-settings-whoop-20260816/Strand.xcodeproj
    builtin-Swift-Compilation -- /Applications/Xcode.app/Contents/Developer/Toolchains/XcodeDefault.xctoolchain/usr/bin/swiftc -module-name StrandDesign -Onone @/tmp/noop-audit-p0-settings-whoop-20260816/DerivedData/Build/Intermediates.noindex/StrandDesign.build/Debug-iphonesimulator/StrandDesign.build/Objects-normal/arm64/StrandDesign.SwiftFileList -DSWIFT_PACKAGE -DDEBUG -DSWIFT_MODULE_RESOURCE_BUNDLE_AVAILABLE -DXcode -plugin-path /Applications/Xcode.app/Contents/Developer/Toolchains/XcodeDefault.xctoolchain/usr/lib/swift/host/plugins/testing -enable-experimental-feature DebugDescriptionMacro -sdk /Applications/Xcode.app/Contents/Developer/Platforms/iPhoneSimulator.platform/Developer/SDKs/iPhoneSimulator26.5.sdk -target arm64-apple-ios17.0-simulator -g -module-cache-path /tmp/noop-audit-p0-settings-whoop-20260816/DerivedData/ModuleCache.noindex -Xfrontend -serialize-debugging-options -enable-testing -index-store-path /tmp/noop-audit-p0-settings-whoop-20260816/DerivedData/Index.noindex/DataStore -Xcc -D_LIBCPP_HARDENING_MODE\=_LIBCPP_HARDENING_MODE_DEBUG -swift-version 5 -I /tmp/noop-audit-p0-settings-whoop-20260816/DerivedData/Build/Products/Debug-iphonesimulator -Isystem /Applications/Xcode.app/Contents/Developer/Platforms/iPhoneSimulator.platform/Developer/usr/lib -F /tmp/noop-audit-p0-settings-whoop-20260816/DerivedData/Build/Products/Debug-iphonesimulator -F /Applications/Xcode.app/Contents/Developer/Platforms/iPhoneSimulator.platform/Developer/Library/Frameworks -F /Applications/Xcode.app/Contents/Developer/Platforms/iPhoneSimulator.platform/Developer/SDKs/iPhoneSimulator26.5.sdk/Developer/Library/Frameworks -emit-localized-strings -emit-localized-strings-path /tmp/noop-audit-p0-settings-whoop-20260816/DerivedData/Build/Intermediates.noindex/StrandDesign.build/Debug-iphonesimulator/StrandDesign.build/Objects-normal/arm64 -c -j8 -enable-batch-mode -incremental -Xcc -ivfsstatcache -Xcc /tmp/noop-audit-p0-settings-whoop-20260816/DerivedData/SDKStatCaches.noindex/iphonesimulator26.5-23F81a-6cfe768891a92b912361537c460fe42b.sdkstatcache -output-file-map /tmp/noop-audit-p0-settings-whoop-20260816/DerivedData/Build/Intermediates.noindex/StrandDesign.build/Debug-iphonesimulator/StrandDesign.build/Objects-normal/arm64/StrandDesign-OutputFileMap.json -use-frontend-parseable-output -save-temps -no-color-diagnostics -explicit-module-build -module-cache-path /tmp/noop-audit-p0-settings-whoop-20260816/DerivedData/Build/Intermediates.noindex/SwiftExplicitPrecompiledModules -clang-scanner-module-cache-path /tmp/noop-audit-p0-settings-whoop-20260816/DerivedData/ModuleCache.noindex -sdk-module-cache-path /tmp/noop-audit-p0-settings-whoop-20260816/DerivedData/ModuleCache.noindex -serialize-diagnostics -emit-dependencies -emit-module -emit-module-path /tmp/noop-audit-p0-settings-whoop-20260816/DerivedData/Build/Intermediates.noindex/StrandDesign.build/Debug-iphonesimulator/StrandDesign.build/Objects-normal/arm64/StrandDesign.swiftmodule -validate-clang-modules-once -clang-build-session-file /tmp/noop-audit-p0-settings-whoop-20260816/DerivedData/ModuleCache.noindex/Session.modulevalidation -package-name stranddesign -Xcc -I/tmp/noop-audit-p0-settings-whoop-20260816/DerivedData/Build/Intermediates.noindex/StrandDesign.build/Debug-iphonesimulator/StrandDesign.build/swift-overrides.hmap -emit-const-values -Xfrontend -const-gather-protocols-file -Xfrontend /tmp/noop-audit-p0-settings-whoop-20260816/DerivedData/Build/Intermediates.noindex/StrandDesign.build/Debug-iphonesimulator/StrandDesign.build/Objects-normal/arm64/StrandDesign_const_extract_protocols.json -Xcc -I/tmp/noop-audit-p0-settings-whoop-20260816/DerivedData/Build/Products/Debug-iphonesimulator/include -Xcc -I/tmp/noop-audit-p0-settings-whoop-20260816/DerivedData/Build/Intermediates.noindex/StrandDesign.build/Debug-iphonesimulator/StrandDesign.build/DerivedSources-normal/arm64 -Xcc -I/tmp/noop-audit-p0-settings-whoop-20260816/DerivedData/Build/Intermediates.noindex/StrandDesign.build/Debug-iphonesimulator/StrandDesign.build/DerivedSources/arm64 -Xcc -I/tmp/noop-audit-p0-settings-whoop-20260816/DerivedData/Build/Intermediates.noindex/StrandDesign.build/Debug-iphonesimulator/StrandDesign.build/DerivedSources -Xcc -DSWIFT_PACKAGE -Xcc -DDEBUG\=1 -emit-objc-header -emit-objc-header-path /tmp/noop-audit-p0-settings-whoop-20260816/DerivedData/Build/Intermediates.noindex/StrandDesign.build/Debug-iphonesimulator/StrandDesign.build/Objects-normal/arm64/StrandDesign-Swift.h -working-directory /tmp/noop-audit-p0-settings-whoop-20260816/Strand.xcodeproj -experimental-emit-module-separately -disable-cmo

Copy /tmp/noop-audit-p0-settings-whoop-20260816/DerivedData/Build/Products/Debug-iphonesimulator/StrandDesign.swiftmodule/arm64-apple-ios-simulator.swiftmodule /tmp/noop-audit-p0-settings-whoop-20260816/DerivedData/Build/Intermediates.noindex/StrandDesign.build/Debug-iphonesimulator/StrandDesign.build/Objects-normal/arm64/StrandDesign.swiftmodule (in target 'StrandDesign' from project 'StrandDesign')
    cd /tmp/noop-audit-p0-settings-whoop-20260816/Packages/StrandDesign
    builtin-copy -exclude .DS_Store -exclude CVS -exclude .svn -exclude .git -exclude .hg -resolve-src-symlinks -rename /tmp/noop-audit-p0-settings-whoop-20260816/DerivedData/Build/Intermediates.noindex/StrandDesign.build/Debug-iphonesimulator/StrandDesign.build/Objects-normal/arm64/StrandDesign.swiftmodule /tmp/noop-audit-p0-settings-whoop-20260816/DerivedData/Build/Products/Debug-iphonesimulator/StrandDesign.swiftmodule/arm64-apple-ios-simulator.swiftmodule

Copy /tmp/noop-audit-p0-settings-whoop-20260816/DerivedData/Build/Products/Debug-iphonesimulator/StrandDesign.swiftmodule/arm64-apple-ios-simulator.swiftdoc /tmp/noop-audit-p0-settings-whoop-20260816/DerivedData/Build/Intermediates.noindex/StrandDesign.build/Debug-iphonesimulator/StrandDesign.build/Objects-normal/arm64/StrandDesign.swiftdoc (in target 'StrandDesign' from project 'StrandDesign')
    cd /tmp/noop-audit-p0-settings-whoop-20260816/Packages/StrandDesign
    builtin-copy -exclude .DS_Store -exclude CVS -exclude .svn -exclude .git -exclude .hg -resolve-src-symlinks -rename /tmp/noop-audit-p0-settings-whoop-20260816/DerivedData/Build/Intermediates.noindex/StrandDesign.build/Debug-iphonesimulator/StrandDesign.build/Objects-normal/arm64/StrandDesign.swiftdoc /tmp/noop-audit-p0-settings-whoop-20260816/DerivedData/Build/Products/Debug-iphonesimulator/StrandDesign.swiftmodule/arm64-apple-ios-simulator.swiftdoc

Copy /tmp/noop-audit-p0-settings-whoop-20260816/DerivedData/Build/Products/Debug-iphonesimulator/StrandDesign.swiftmodule/arm64-apple-ios-simulator.abi.json /tmp/noop-audit-p0-settings-whoop-20260816/DerivedData/Build/Intermediates.noindex/StrandDesign.build/Debug-iphonesimulator/StrandDesign.build/Objects-normal/arm64/StrandDesign.abi.json (in target 'StrandDesign' from project 'StrandDesign')
    cd /tmp/noop-audit-p0-settings-whoop-20260816/Packages/StrandDesign
    builtin-copy -exclude .DS_Store -exclude CVS -exclude .svn -exclude .git -exclude .hg -resolve-src-symlinks -rename /tmp/noop-audit-p0-settings-whoop-20260816/DerivedData/Build/Intermediates.noindex/StrandDesign.build/Debug-iphonesimulator/StrandDesign.build/Objects-normal/arm64/StrandDesign.abi.json /tmp/noop-audit-p0-settings-whoop-20260816/DerivedData/Build/Products/Debug-iphonesimulator/StrandDesign.swiftmodule/arm64-apple-ios-simulator.abi.json

Copy /tmp/noop-audit-p0-settings-whoop-20260816/DerivedData/Build/Products/Debug-iphonesimulator/StrandDesign.swiftmodule/Project/arm64-apple-ios-simulator.swiftsourceinfo /tmp/noop-audit-p0-settings-whoop-20260816/DerivedData/Build/Intermediates.noindex/StrandDesign.build/Debug-iphonesimulator/StrandDesign.build/Objects-normal/arm64/StrandDesign.swiftsourceinfo (in target 'StrandDesign' from project 'StrandDesign')
    cd /tmp/noop-audit-p0-settings-whoop-20260816/Packages/StrandDesign
    builtin-copy -exclude .DS_Store -exclude CVS -exclude .svn -exclude .git -exclude .hg -resolve-src-symlinks -rename /tmp/noop-audit-p0-settings-whoop-20260816/DerivedData/Build/Intermediates.noindex/StrandDesign.build/Debug-iphonesimulator/StrandDesign.build/Objects-normal/arm64/StrandDesign.swiftsourceinfo /tmp/noop-audit-p0-settings-whoop-20260816/DerivedData/Build/Products/Debug-iphonesimulator/StrandDesign.swiftmodule/Project/arm64-apple-ios-simulator.swiftsourceinfo

ProcessProductPackaging /tmp/noop-audit-p0-settings-whoop-20260816/StrandiOSWidgets/NOOPWidgets.entitlements /tmp/noop-audit-p0-settings-whoop-20260816/DerivedData/Build/Intermediates.noindex/Strand.build/Debug-iphonesimulator/NOOPiOSWidgets.build/NOOPWidgets.appex.xcent (in target 'NOOPiOSWidgets' from project 'Strand')
    cd /tmp/noop-audit-p0-settings-whoop-20260816
    
    Entitlements:
    
    {
}
    
    builtin-productPackagingUtility /tmp/noop-audit-p0-settings-whoop-20260816/StrandiOSWidgets/NOOPWidgets.entitlements -entitlements -format xml -o /tmp/noop-audit-p0-settings-whoop-20260816/DerivedData/Build/Intermediates.noindex/Strand.build/Debug-iphonesimulator/NOOPiOSWidgets.build/NOOPWidgets.appex.xcent

ProcessProductPackaging /tmp/noop-audit-p0-settings-whoop-20260816/StrandiOSWidgets/NOOPWidgets.entitlements /tmp/noop-audit-p0-settings-whoop-20260816/DerivedData/Build/Intermediates.noindex/Strand.build/Debug-iphonesimulator/NOOPiOSWidgets.build/NOOPWidgets.appex-Simulated.xcent (in target 'NOOPiOSWidgets' from project 'Strand')
    cd /tmp/noop-audit-p0-settings-whoop-20260816
    
    Entitlements:
    
    {
    "application-identifier" = "479HYY24G2.com.eastonplace.noop.widgets";
    "com.apple.security.application-groups" =     (
        "group.com.eastonplace.noop"
    );
}
    
    builtin-productPackagingUtility /tmp/noop-audit-p0-settings-whoop-20260816/StrandiOSWidgets/NOOPWidgets.entitlements -entitlements -format xml -o /tmp/noop-audit-p0-settings-whoop-20260816/DerivedData/Build/Intermediates.noindex/Strand.build/Debug-iphonesimulator/NOOPiOSWidgets.build/NOOPWidgets.appex-Simulated.xcent

ProcessProductPackagingDER /tmp/noop-audit-p0-settings-whoop-20260816/DerivedData/Build/Intermediates.noindex/Strand.build/Debug-iphonesimulator/NOOPiOSWidgets.build/NOOPWidgets.appex-Simulated.xcent /tmp/noop-audit-p0-settings-whoop-20260816/DerivedData/Build/Intermediates.noindex/Strand.build/Debug-iphonesimulator/NOOPiOSWidgets.build/NOOPWidgets.appex-Simulated.xcent.der (in target 'NOOPiOSWidgets' from project 'Strand')
    cd /tmp/noop-audit-p0-settings-whoop-20260816
    /usr/bin/derq query -f xml -i /tmp/noop-audit-p0-settings-whoop-20260816/DerivedData/Build/Intermediates.noindex/Strand.build/Debug-iphonesimulator/NOOPiOSWidgets.build/NOOPWidgets.appex-Simulated.xcent -o /tmp/noop-audit-p0-settings-whoop-20260816/DerivedData/Build/Intermediates.noindex/Strand.build/Debug-iphonesimulator/NOOPiOSWidgets.build/NOOPWidgets.appex-Simulated.xcent.der --raw

ProcessProductPackagingDER /tmp/noop-audit-p0-settings-whoop-20260816/DerivedData/Build/Intermediates.noindex/Strand.build/Debug-iphonesimulator/NOOPiOSWidgets.build/NOOPWidgets.appex.xcent /tmp/noop-audit-p0-settings-whoop-20260816/DerivedData/Build/Intermediates.noindex/Strand.build/Debug-iphonesimulator/NOOPiOSWidgets.build/NOOPWidgets.appex.xcent.der (in target 'NOOPiOSWidgets' from project 'Strand')
    cd /tmp/noop-audit-p0-settings-whoop-20260816
    /usr/bin/derq query -f xml -i /tmp/noop-audit-p0-settings-whoop-20260816/DerivedData/Build/Intermediates.noindex/Strand.build/Debug-iphonesimulator/NOOPiOSWidgets.build/NOOPWidgets.appex.xcent -o /tmp/noop-audit-p0-settings-whoop-20260816/DerivedData/Build/Intermediates.noindex/Strand.build/Debug-iphonesimulator/NOOPiOSWidgets.build/NOOPWidgets.appex.xcent.der --raw

SwiftDriver NOOPiOSWidgets normal arm64 com.apple.xcode.tools.swift.compiler (in target 'NOOPiOSWidgets' from project 'Strand')
    cd /tmp/noop-audit-p0-settings-whoop-20260816
    builtin-SwiftDriver -- /Applications/Xcode.app/Contents/Developer/Toolchains/XcodeDefault.xctoolchain/usr/bin/swiftc -module-name NOOPWidgets -Onone @/tmp/noop-audit-p0-settings-whoop-20260816/DerivedData/Build/Intermediates.noindex/Strand.build/Debug-iphonesimulator/NOOPiOSWidgets.build/Objects-normal/arm64/NOOPWidgets.SwiftFileList -DDEBUG -enable-experimental-feature DebugDescriptionMacro -sdk /Applications/Xcode.app/Contents/Developer/Platforms/iPhoneSimulator.platform/Developer/SDKs/iPhoneSimulator26.5.sdk -target arm64-apple-ios17.0-simulator -g -module-cache-path /tmp/noop-audit-p0-settings-whoop-20260816/DerivedData/ModuleCache.noindex -Xfrontend -serialize-debugging-options -application-extension -enable-testing -warnings-as-errors -index-store-path /tmp/noop-audit-p0-settings-whoop-20260816/DerivedData/Index.noindex/DataStore -Xcc -D_LIBCPP_HARDENING_MODE\=_LIBCPP_HARDENING_MODE_DEBUG -swift-version 6 -I /tmp/noop-audit-p0-settings-whoop-20260816/DerivedData/Build/Products/Debug-iphonesimulator -F /tmp/noop-audit-p0-settings-whoop-20260816/DerivedData/Build/Products/Debug-iphonesimulator/PackageFrameworks -F /tmp/noop-audit-p0-settings-whoop-20260816/DerivedData/Build/Products/Debug-iphonesimulator -emit-localized-strings -emit-localized-strings-path /tmp/noop-audit-p0-settings-whoop-20260816/DerivedData/Build/Intermediates.noindex/Strand.build/Debug-iphonesimulator/NOOPiOSWidgets.build/Objects-normal/arm64 -c -j8 -enable-batch-mode -incremental -Xcc -ivfsstatcache -Xcc /tmp/noop-audit-p0-settings-whoop-20260816/DerivedData/SDKStatCaches.noindex/iphonesimulator26.5-23F81a-6cfe768891a92b912361537c460fe42b.sdkstatcache -output-file-map /tmp/noop-audit-p0-settings-whoop-20260816/DerivedData/Build/Intermediates.noindex/Strand.build/Debug-iphonesimulator/NOOPiOSWidgets.build/Objects-normal/arm64/NOOPiOSWidgets-OutputFileMap.json -use-frontend-parseable-output -save-temps -no-color-diagnostics -explicit-module-build -module-cache-path /tmp/noop-audit-p0-settings-whoop-20260816/DerivedData/Build/Intermediates.noindex/SwiftExplicitPrecompiledModules -clang-scanner-module-cache-path /tmp/noop-audit-p0-settings-whoop-20260816/DerivedData/ModuleCache.noindex -sdk-module-cache-path /tmp/noop-audit-p0-settings-whoop-20260816/DerivedData/ModuleCache.noindex -serialize-diagnostics -emit-dependencies -emit-module -emit-module-path /tmp/noop-audit-p0-settings-whoop-20260816/DerivedData/Build/Intermediates.noindex/Strand.build/Debug-iphonesimulator/NOOPiOSWidgets.build/Objects-normal/arm64/NOOPWidgets.swiftmodule -validate-clang-modules-once -clang-build-session-file /tmp/noop-audit-p0-settings-whoop-20260816/DerivedData/ModuleCache.noindex/Session.modulevalidation -Xcc -I/tmp/noop-audit-p0-settings-whoop-20260816/DerivedData/Build/Intermediates.noindex/Strand.build/Debug-iphonesimulator/NOOPiOSWidgets.build/swift-overrides.hmap -emit-const-values -Xfrontend -const-gather-protocols-file -Xfrontend /tmp/noop-audit-p0-settings-whoop-20260816/DerivedData/Build/Intermediates.noindex/Strand.build/Debug-iphonesimulator/NOOPiOSWidgets.build/Objects-normal/arm64/NOOPiOSWidgets_const_extract_protocols.json -Xcc -iquote -Xcc /tmp/noop-audit-p0-settings-whoop-20260816/DerivedData/Build/Intermediates.noindex/Strand.build/Debug-iphonesimulator/NOOPiOSWidgets.build/NOOPWidgets-generated-files.hmap -Xcc -I/tmp/noop-audit-p0-settings-whoop-20260816/DerivedData/Build/Intermediates.noindex/Strand.build/Debug-iphonesimulator/NOOPiOSWidgets.build/NOOPWidgets-own-target-headers.hmap -Xcc -I/tmp/noop-audit-p0-settings-whoop-20260816/DerivedData/Build/Intermediates.noindex/Strand.build/Debug-iphonesimulator/NOOPiOSWidgets.build/NOOPWidgets-all-non-framework-target-headers.hmap -Xcc -ivfsoverlay -Xcc /tmp/noop-audit-p0-settings-whoop-20260816/DerivedData/Build/Intermediates.noindex/Strand.build/Debug-iphonesimulator/Strand-b8a229635ad384b8b8be1d2fb8c96d4b-VFS-iphonesimulator/all-product-headers.yaml -Xcc -iquote -Xcc /tmp/noop-audit-p0-settings-whoop-20260816/DerivedData/Build/Intermediates.noindex/Strand.build/Debug-iphonesimulator/NOOPiOSWidgets.build/NOOPWidgets-project-headers.hmap -Xcc -I/tmp/noop-audit-p0-settings-whoop-20260816/DerivedData/Build/Products/Debug-iphonesimulator/include -Xcc -I/tmp/noop-audit-p0-settings-whoop-20260816/DerivedData/Build/Intermediates.noindex/Strand.build/Debug-iphonesimulator/NOOPiOSWidgets.build/DerivedSources-normal/arm64 -Xcc -I/tmp/noop-audit-p0-settings-whoop-20260816/DerivedData/Build/Intermediates.noindex/Strand.build/Debug-iphonesimulator/NOOPiOSWidgets.build/DerivedSources/arm64 -Xcc -I/tmp/noop-audit-p0-settings-whoop-20260816/DerivedData/Build/Intermediates.noindex/Strand.build/Debug-iphonesimulator/NOOPiOSWidgets.build/DerivedSources -Xcc -DDEBUG\=1 -emit-objc-header -emit-objc-header-path /tmp/noop-audit-p0-settings-whoop-20260816/DerivedData/Build/Intermediates.noindex/Strand.build/Debug-iphonesimulator/NOOPiOSWidgets.build/Objects-normal/arm64/NOOPWidgets-Swift.h -working-directory /tmp/noop-audit-p0-settings-whoop-20260816 -experimental-emit-module-separately -disable-cmo

Ld /tmp/noop-audit-p0-settings-whoop-20260816/DerivedData/Build/Products/Debug-iphonesimulator/StrandDesign.o normal (in target 'StrandDesign' from project 'StrandDesign')
    cd /tmp/noop-audit-p0-settings-whoop-20260816/Packages/StrandDesign
    /Applications/Xcode.app/Contents/Developer/Toolchains/XcodeDefault.xctoolchain/usr/bin/clang -Xlinker -reproducible -target arm64-apple-ios17.0-simulator -r -isysroot /Applications/Xcode.app/Contents/Developer/Platforms/iPhoneSimulator.platform/Developer/SDKs/iPhoneSimulator26.5.sdk -O0 -F/tmp/noop-audit-p0-settings-whoop-20260816/DerivedData/Build/Intermediates.noindex/EagerLinkingTBDs/Debug-iphonesimulator -F/tmp/noop-audit-p0-settings-whoop-20260816/DerivedData/Build/Products/Debug-iphonesimulator -iframework /Applications/Xcode.app/Contents/Developer/Platforms/iPhoneSimulator.platform/Developer/Library/Frameworks -iframework /Applications/Xcode.app/Contents/Developer/Platforms/iPhoneSimulator.platform/Developer/SDKs/iPhoneSimulator26.5.sdk/Developer/Library/Frameworks -filelist /tmp/noop-audit-p0-settings-whoop-20260816/DerivedData/Build/Intermediates.noindex/StrandDesign.build/Debug-iphonesimulator/StrandDesign.build/Objects-normal/arm64/StrandDesign.LinkFileList -nostdlib -Xlinker -object_path_lto -Xlinker /tmp/noop-audit-p0-settings-whoop-20260816/DerivedData/Build/Intermediates.noindex/StrandDesign.build/Debug-iphonesimulator/StrandDesign.build/Objects-normal/arm64/StrandDesign_lto.o -Xlinker -no_deduplicate -Xlinker -objc_abi_version -Xlinker 2 -Xlinker -dependency_info -Xlinker /tmp/noop-audit-p0-settings-whoop-20260816/DerivedData/Build/Intermediates.noindex/StrandDesign.build/Debug-iphonesimulator/StrandDesign.build/Objects-normal/arm64/StrandDesign_dependency_info.dat -fobjc-link-runtime -L/Applications/Xcode.app/Contents/Developer/Toolchains/XcodeDefault.xctoolchain/usr/lib/swift/iphonesimulator -L/usr/lib/swift -Xlinker -add_ast_path -Xlinker /tmp/noop-audit-p0-settings-whoop-20260816/DerivedData/Build/Intermediates.noindex/StrandDesign.build/Debug-iphonesimulator/StrandDesign.build/Objects-normal/arm64/StrandDesign.swiftmodule @/tmp/noop-audit-p0-settings-whoop-20260816/DerivedData/Build/Intermediates.noindex/StrandDesign.build/Debug-iphonesimulator/StrandDesign.build/Objects-normal/arm64/StrandDesign-linker-args.resp -o /tmp/noop-audit-p0-settings-whoop-20260816/DerivedData/Build/Products/Debug-iphonesimulator/StrandDesign.o

ExtractAppIntentsMetadata (in target 'StrandDesign' from project 'StrandDesign')
    cd /tmp/noop-audit-p0-settings-whoop-20260816/Packages/StrandDesign
    /Applications/Xcode.app/Contents/Developer/Toolchains/XcodeDefault.xctoolchain/usr/bin/appintentsmetadataprocessor --toolchain-dir /Applications/Xcode.app/Contents/Developer/Toolchains/XcodeDefault.xctoolchain --module-name StrandDesign --sdk-root /Applications/Xcode.app/Contents/Developer/Platforms/iPhoneSimulator.platform/Developer/SDKs/iPhoneSimulator26.5.sdk --xcode-version 17F113 --platform-family iOS --deployment-target 17.0 --bundle-identifier stranddesign.StrandDesign --output /tmp/noop-audit-p0-settings-whoop-20260816/DerivedData/Build/Products/Debug-iphonesimulator/StrandDesign.appintents --target-triple arm64-apple-ios17.0-simulator --binary-file /tmp/noop-audit-p0-settings-whoop-20260816/DerivedData/Build/Products/Debug-iphonesimulator/StrandDesign.o --dependency-file /tmp/noop-audit-p0-settings-whoop-20260816/DerivedData/Build/Intermediates.noindex/StrandDesign.build/Debug-iphonesimulator/StrandDesign.build/Objects-normal/arm64/StrandDesign_dependency_info.dat --stringsdata-file /tmp/noop-audit-p0-settings-whoop-20260816/DerivedData/Build/Intermediates.noindex/StrandDesign.build/Debug-iphonesimulator/StrandDesign.build/Objects-normal/arm64/ExtractedAppShortcutsMetadata.stringsdata --source-file-list /tmp/noop-audit-p0-settings-whoop-20260816/DerivedData/Build/Intermediates.noindex/StrandDesign.build/Debug-iphonesimulator/StrandDesign.build/Objects-normal/arm64/StrandDesign.SwiftFileList --metadata-file-list /tmp/noop-audit-p0-settings-whoop-20260816/DerivedData/Build/Intermediates.noindex/StrandDesign.build/Debug-iphonesimulator/StrandDesign.build/StrandDesign.DependencyMetadataFileList --static-metadata-file-list /tmp/noop-audit-p0-settings-whoop-20260816/DerivedData/Build/Intermediates.noindex/StrandDesign.build/Debug-iphonesimulator/StrandDesign.build/StrandDesign.DependencyStaticMetadataFileList --swift-const-vals-list /tmp/noop-audit-p0-settings-whoop-20260816/DerivedData/Build/Intermediates.noindex/StrandDesign.build/Debug-iphonesimulator/StrandDesign.build/Objects-normal/arm64/StrandDesign.SwiftConstValuesFileList --force --compile-time-extraction --deployment-aware-processing --validate-assistant-intents --no-app-shortcuts-localization
2026-08-16 18:27:35.448 appintentsmetadataprocessor[5449:5320457] Starting appintentsmetadataprocessor export
2026-08-16 18:27:35.465 appintentsmetadataprocessor[5449:5320457] Extracted no relevant App Intents symbols, skipping writing output

RegisterExecutionPolicyException /tmp/noop-audit-p0-settings-whoop-20260816/DerivedData/Build/Products/Debug-iphonesimulator/StrandDesign.o (in target 'StrandDesign' from project 'StrandDesign')
    cd /tmp/noop-audit-p0-settings-whoop-20260816/Packages/StrandDesign
    builtin-RegisterExecutionPolicyException /tmp/noop-audit-p0-settings-whoop-20260816/DerivedData/Build/Products/Debug-iphonesimulator/StrandDesign.o

Copy /tmp/noop-audit-p0-settings-whoop-20260816/DerivedData/Build/Products/Debug-iphonesimulator/NOOPWidgets.appex/StrandDesign_StrandDesign.bundle /tmp/noop-audit-p0-settings-whoop-20260816/DerivedData/Build/Products/Debug-iphonesimulator/StrandDesign_StrandDesign.bundle (in target 'NOOPiOSWidgets' from project 'Strand')
    cd /tmp/noop-audit-p0-settings-whoop-20260816
    builtin-copy -exclude .DS_Store -exclude CVS -exclude .svn -exclude .git -exclude .hg -resolve-src-symlinks /tmp/noop-audit-p0-settings-whoop-20260816/DerivedData/Build/Products/Debug-iphonesimulator/StrandDesign_StrandDesign.bundle /tmp/noop-audit-p0-settings-whoop-20260816/DerivedData/Build/Products/Debug-iphonesimulator/NOOPWidgets.appex

ProcessInfoPlistFile /tmp/noop-audit-p0-settings-whoop-20260816/DerivedData/Build/Products/Debug-iphonesimulator/NOOPWidgets.appex/Info.plist /tmp/noop-audit-p0-settings-whoop-20260816/StrandiOSWidgets/Info.plist (in target 'NOOPiOSWidgets' from project 'Strand')
    cd /tmp/noop-audit-p0-settings-whoop-20260816
    builtin-infoPlistUtility /tmp/noop-audit-p0-settings-whoop-20260816/StrandiOSWidgets/Info.plist -producttype com.apple.product-type.app-extension -expandbuildsettings -format binary -platform iphonesimulator -scanforprivacyfile /tmp/noop-audit-p0-settings-whoop-20260816/DerivedData/Build/Products/Debug-iphonesimulator/NOOPWidgets.appex/StrandDesign_StrandDesign.bundle -o /tmp/noop-audit-p0-settings-whoop-20260816/DerivedData/Build/Products/Debug-iphonesimulator/NOOPWidgets.appex/Info.plist

SwiftCompile normal arm64 Compiling\ VerifiedProjectionGenerationStore.swift /tmp/noop-audit-p0-settings-whoop-20260816/StrandiOSShared/VerifiedProjectionGenerationStore.swift (in target 'NOOPiOSWidgets' from project 'Strand')

SwiftCompile normal arm64 /tmp/noop-audit-p0-settings-whoop-20260816/StrandiOSShared/VerifiedProjectionGenerationStore.swift (in target 'NOOPiOSWidgets' from project 'Strand')
    cd /tmp/noop-audit-p0-settings-whoop-20260816
    

SwiftEmitModule normal arm64 Emitting\ module\ for\ NOOPWidgets (in target 'NOOPiOSWidgets' from project 'Strand')
EmitSwiftModule normal arm64 (in target 'NOOPiOSWidgets' from project 'Strand')
    cd /tmp/noop-audit-p0-settings-whoop-20260816
    

SwiftCompile normal arm64 Compiling\ LiveActivityAttributes.swift,\ NOOPLiveActivity.swift /tmp/noop-audit-p0-settings-whoop-20260816/StrandiOSShared/LiveActivityAttributes.swift /tmp/noop-audit-p0-settings-whoop-20260816/StrandiOSWidgets/NOOPLiveActivity.swift (in target 'NOOPiOSWidgets' from project 'Strand')
SwiftCompile normal arm64 /tmp/noop-audit-p0-settings-whoop-20260816/StrandiOSShared/LiveActivityAttributes.swift (in target 'NOOPiOSWidgets' from project 'Strand')
    cd /tmp/noop-audit-p0-settings-whoop-20260816
    

SwiftCompile normal arm64 /tmp/noop-audit-p0-settings-whoop-20260816/StrandiOSWidgets/NOOPLiveActivity.swift (in target 'NOOPiOSWidgets' from project 'Strand')
    cd /tmp/noop-audit-p0-settings-whoop-20260816
    

SwiftCompile normal arm64 Compiling\ VerifiedSinkBootstrapPolicy.swift /tmp/noop-audit-p0-settings-whoop-20260816/StrandiOSShared/VerifiedSinkBootstrapPolicy.swift (in target 'NOOPiOSWidgets' from project 'Strand')

SwiftCompile normal arm64 /tmp/noop-audit-p0-settings-whoop-20260816/StrandiOSShared/VerifiedSinkBootstrapPolicy.swift (in target 'NOOPiOSWidgets' from project 'Strand')
    cd /tmp/noop-audit-p0-settings-whoop-20260816
    

SwiftCompile normal arm64 Compiling\ VerifiedSinkLifecycle.swift /tmp/noop-audit-p0-settings-whoop-20260816/StrandiOSShared/VerifiedSinkLifecycle.swift (in target 'NOOPiOSWidgets' from project 'Strand')

SwiftCompile normal arm64 /tmp/noop-audit-p0-settings-whoop-20260816/StrandiOSShared/VerifiedSinkLifecycle.swift (in target 'NOOPiOSWidgets' from project 'Strand')
    cd /tmp/noop-audit-p0-settings-whoop-20260816
    

SwiftCompile normal arm64 Compiling\ ActiveSinkEpochRecovery.swift,\ ActiveVerifiedSinkEpoch.swift /tmp/noop-audit-p0-settings-whoop-20260816/StrandiOSShared/ActiveSinkEpochRecovery.swift /tmp/noop-audit-p0-settings-whoop-20260816/StrandiOSShared/ActiveVerifiedSinkEpoch.swift (in target 'NOOPiOSWidgets' from project 'Strand')

SwiftCompile normal arm64 /tmp/noop-audit-p0-settings-whoop-20260816/StrandiOSShared/ActiveSinkEpochRecovery.swift (in target 'NOOPiOSWidgets' from project 'Strand')
    cd /tmp/noop-audit-p0-settings-whoop-20260816
    

SwiftCompile normal arm64 /tmp/noop-audit-p0-settings-whoop-20260816/StrandiOSShared/ActiveVerifiedSinkEpoch.swift (in target 'NOOPiOSWidgets' from project 'Strand')
    cd /tmp/noop-audit-p0-settings-whoop-20260816
    

SwiftCompile normal arm64 Compiling\ NOOPWidget.swift /tmp/noop-audit-p0-settings-whoop-20260816/StrandiOSWidgets/NOOPWidget.swift (in target 'NOOPiOSWidgets' from project 'Strand')

SwiftCompile normal arm64 /tmp/noop-audit-p0-settings-whoop-20260816/StrandiOSWidgets/NOOPWidget.swift (in target 'NOOPiOSWidgets' from project 'Strand')
    cd /tmp/noop-audit-p0-settings-whoop-20260816
    

SwiftCompile normal arm64 Compiling\ WidgetSnapshot.swift /tmp/noop-audit-p0-settings-whoop-20260816/StrandiOSShared/WidgetSnapshot.swift (in target 'NOOPiOSWidgets' from project 'Strand')

SwiftCompile normal arm64 /tmp/noop-audit-p0-settings-whoop-20260816/StrandiOSShared/WidgetSnapshot.swift (in target 'NOOPiOSWidgets' from project 'Strand')
    cd /tmp/noop-audit-p0-settings-whoop-20260816
    

SwiftCompile normal arm64 Compiling\ WidgetVerifiedEnvelope.swift /tmp/noop-audit-p0-settings-whoop-20260816/StrandiOSShared/WidgetVerifiedEnvelope.swift (in target 'NOOPiOSWidgets' from project 'Strand')

SwiftCompile normal arm64 /tmp/noop-audit-p0-settings-whoop-20260816/StrandiOSShared/WidgetVerifiedEnvelope.swift (in target 'NOOPiOSWidgets' from project 'Strand')
    cd /tmp/noop-audit-p0-settings-whoop-20260816
    

SwiftDriverJobDiscovery normal arm64 Compiling VerifiedSinkLifecycle.swift (in target 'NOOPiOSWidgets' from project 'Strand')

SwiftDriverJobDiscovery normal arm64 Compiling VerifiedSinkBootstrapPolicy.swift (in target 'NOOPiOSWidgets' from project 'Strand')

SwiftDriverJobDiscovery normal arm64 Compiling VerifiedProjectionGenerationStore.swift (in target 'NOOPiOSWidgets' from project 'Strand')

SwiftDriverJobDiscovery normal arm64 Emitting module for NOOPWidgets (in target 'NOOPiOSWidgets' from project 'Strand')

SwiftDriver\ Compilation\ Requirements NOOPiOSWidgets normal arm64 com.apple.xcode.tools.swift.compiler (in target 'NOOPiOSWidgets' from project 'Strand')
    cd /tmp/noop-audit-p0-settings-whoop-20260816
    builtin-Swift-Compilation-Requirements -- /Applications/Xcode.app/Contents/Developer/Toolchains/XcodeDefault.xctoolchain/usr/bin/swiftc -module-name NOOPWidgets -Onone @/tmp/noop-audit-p0-settings-whoop-20260816/DerivedData/Build/Intermediates.noindex/Strand.build/Debug-iphonesimulator/NOOPiOSWidgets.build/Objects-normal/arm64/NOOPWidgets.SwiftFileList -DDEBUG -enable-experimental-feature DebugDescriptionMacro -sdk /Applications/Xcode.app/Contents/Developer/Platforms/iPhoneSimulator.platform/Developer/SDKs/iPhoneSimulator26.5.sdk -target arm64-apple-ios17.0-simulator -g -module-cache-path /tmp/noop-audit-p0-settings-whoop-20260816/DerivedData/ModuleCache.noindex -Xfrontend -serialize-debugging-options -application-extension -enable-testing -warnings-as-errors -index-store-path /tmp/noop-audit-p0-settings-whoop-20260816/DerivedData/Index.noindex/DataStore -Xcc -D_LIBCPP_HARDENING_MODE\=_LIBCPP_HARDENING_MODE_DEBUG -swift-version 6 -I /tmp/noop-audit-p0-settings-whoop-20260816/DerivedData/Build/Products/Debug-iphonesimulator -F /tmp/noop-audit-p0-settings-whoop-20260816/DerivedData/Build/Products/Debug-iphonesimulator/PackageFrameworks -F /tmp/noop-audit-p0-settings-whoop-20260816/DerivedData/Build/Products/Debug-iphonesimulator -emit-localized-strings -emit-localized-strings-path /tmp/noop-audit-p0-settings-whoop-20260816/DerivedData/Build/Intermediates.noindex/Strand.build/Debug-iphonesimulator/NOOPiOSWidgets.build/Objects-normal/arm64 -c -j8 -enable-batch-mode -incremental -Xcc -ivfsstatcache -Xcc /tmp/noop-audit-p0-settings-whoop-20260816/DerivedData/SDKStatCaches.noindex/iphonesimulator26.5-23F81a-6cfe768891a92b912361537c460fe42b.sdkstatcache -output-file-map /tmp/noop-audit-p0-settings-whoop-20260816/DerivedData/Build/Intermediates.noindex/Strand.build/Debug-iphonesimulator/NOOPiOSWidgets.build/Objects-normal/arm64/NOOPiOSWidgets-OutputFileMap.json -use-frontend-parseable-output -save-temps -no-color-diagnostics -explicit-module-build -module-cache-path /tmp/noop-audit-p0-settings-whoop-20260816/DerivedData/Build/Intermediates.noindex/SwiftExplicitPrecompiledModules -clang-scanner-module-cache-path /tmp/noop-audit-p0-settings-whoop-20260816/DerivedData/ModuleCache.noindex -sdk-module-cache-path /tmp/noop-audit-p0-settings-whoop-20260816/DerivedData/ModuleCache.noindex -serialize-diagnostics -emit-dependencies -emit-module -emit-module-path /tmp/noop-audit-p0-settings-whoop-20260816/DerivedData/Build/Intermediates.noindex/Strand.build/Debug-iphonesimulator/NOOPiOSWidgets.build/Objects-normal/arm64/NOOPWidgets.swiftmodule -validate-clang-modules-once -clang-build-session-file /tmp/noop-audit-p0-settings-whoop-20260816/DerivedData/ModuleCache.noindex/Session.modulevalidation -Xcc -I/tmp/noop-audit-p0-settings-whoop-20260816/DerivedData/Build/Intermediates.noindex/Strand.build/Debug-iphonesimulator/NOOPiOSWidgets.build/swift-overrides.hmap -emit-const-values -Xfrontend -const-gather-protocols-file -Xfrontend /tmp/noop-audit-p0-settings-whoop-20260816/DerivedData/Build/Intermediates.noindex/Strand.build/Debug-iphonesimulator/NOOPiOSWidgets.build/Objects-normal/arm64/NOOPiOSWidgets_const_extract_protocols.json -Xcc -iquote -Xcc /tmp/noop-audit-p0-settings-whoop-20260816/DerivedData/Build/Intermediates.noindex/Strand.build/Debug-iphonesimulator/NOOPiOSWidgets.build/NOOPWidgets-generated-files.hmap -Xcc -I/tmp/noop-audit-p0-settings-whoop-20260816/DerivedData/Build/Intermediates.noindex/Strand.build/Debug-iphonesimulator/NOOPiOSWidgets.build/NOOPWidgets-own-target-headers.hmap -Xcc -I/tmp/noop-audit-p0-settings-whoop-20260816/DerivedData/Build/Intermediates.noindex/Strand.build/Debug-iphonesimulator/NOOPiOSWidgets.build/NOOPWidgets-all-non-framework-target-headers.hmap -Xcc -ivfsoverlay -Xcc /tmp/noop-audit-p0-settings-whoop-20260816/DerivedData/Build/Intermediates.noindex/Strand.build/Debug-iphonesimulator/Strand-b8a229635ad384b8b8be1d2fb8c96d4b-VFS-iphonesimulator/all-product-headers.yaml -Xcc -iquote -Xcc /tmp/noop-audit-p0-settings-whoop-20260816/DerivedData/Build/Intermediates.noindex/Strand.build/Debug-iphonesimulator/NOOPiOSWidgets.build/NOOPWidgets-project-headers.hmap -Xcc -I/tmp/noop-audit-p0-settings-whoop-20260816/DerivedData/Build/Products/Debug-iphonesimulator/include -Xcc -I/tmp/noop-audit-p0-settings-whoop-20260816/DerivedData/Build/Intermediates.noindex/Strand.build/Debug-iphonesimulator/NOOPiOSWidgets.build/DerivedSources-normal/arm64 -Xcc -I/tmp/noop-audit-p0-settings-whoop-20260816/DerivedData/Build/Intermediates.noindex/Strand.build/Debug-iphonesimulator/NOOPiOSWidgets.build/DerivedSources/arm64 -Xcc -I/tmp/noop-audit-p0-settings-whoop-20260816/DerivedData/Build/Intermediates.noindex/Strand.build/Debug-iphonesimulator/NOOPiOSWidgets.build/DerivedSources -Xcc -DDEBUG\=1 -emit-objc-header -emit-objc-header-path /tmp/noop-audit-p0-settings-whoop-20260816/DerivedData/Build/Intermediates.noindex/Strand.build/Debug-iphonesimulator/NOOPiOSWidgets.build/Objects-normal/arm64/NOOPWidgets-Swift.h -working-directory /tmp/noop-audit-p0-settings-whoop-20260816 -experimental-emit-module-separately -disable-cmo

Copy /tmp/noop-audit-p0-settings-whoop-20260816/DerivedData/Build/Products/Debug-iphonesimulator/NOOPWidgets.swiftmodule/arm64-apple-ios-simulator.abi.json /tmp/noop-audit-p0-settings-whoop-20260816/DerivedData/Build/Intermediates.noindex/Strand.build/Debug-iphonesimulator/NOOPiOSWidgets.build/Objects-normal/arm64/NOOPWidgets.abi.json (in target 'NOOPiOSWidgets' from project 'Strand')
    cd /tmp/noop-audit-p0-settings-whoop-20260816
    builtin-copy -exclude .DS_Store -exclude CVS -exclude .svn -exclude .git -exclude .hg -resolve-src-symlinks -rename /tmp/noop-audit-p0-settings-whoop-20260816/DerivedData/Build/Intermediates.noindex/Strand.build/Debug-iphonesimulator/NOOPiOSWidgets.build/Objects-normal/arm64/NOOPWidgets.abi.json /tmp/noop-audit-p0-settings-whoop-20260816/DerivedData/Build/Products/Debug-iphonesimulator/NOOPWidgets.swiftmodule/arm64-apple-ios-simulator.abi.json

ProcessProductPackaging /tmp/noop-audit-p0-settings-whoop-20260816/StrandiOS/Resources/NOOP.entitlements /tmp/noop-audit-p0-settings-whoop-20260816/DerivedData/Build/Intermediates.noindex/Strand.build/Debug-iphonesimulator/NOOPiOS.build/NOOP.app.xcent (in target 'NOOPiOS' from project 'Strand')
    cd /tmp/noop-audit-p0-settings-whoop-20260816
    
    Entitlements:
    
    {
}
    
    builtin-productPackagingUtility /tmp/noop-audit-p0-settings-whoop-20260816/StrandiOS/Resources/NOOP.entitlements -entitlements -format xml -o /tmp/noop-audit-p0-settings-whoop-20260816/DerivedData/Build/Intermediates.noindex/Strand.build/Debug-iphonesimulator/NOOPiOS.build/NOOP.app.xcent

ProcessProductPackaging /tmp/noop-audit-p0-settings-whoop-20260816/StrandiOS/Resources/NOOP.entitlements /tmp/noop-audit-p0-settings-whoop-20260816/DerivedData/Build/Intermediates.noindex/Strand.build/Debug-iphonesimulator/NOOPiOS.build/NOOP.app-Simulated.xcent (in target 'NOOPiOS' from project 'Strand')
    cd /tmp/noop-audit-p0-settings-whoop-20260816
    
    Entitlements:
    
    {
    "application-identifier" = "479HYY24G2.com.eastonplace.noop";
    "com.apple.developer.healthkit" = 1;
    "com.apple.developer.healthkit.access" =     (
    );
    "com.apple.security.application-groups" =     (
        "group.com.eastonplace.noop"
    );
}
    
    builtin-productPackagingUtility /tmp/noop-audit-p0-settings-whoop-20260816/StrandiOS/Resources/NOOP.entitlements -entitlements -format xml -o /tmp/noop-audit-p0-settings-whoop-20260816/DerivedData/Build/Intermediates.noindex/Strand.build/Debug-iphonesimulator/NOOPiOS.build/NOOP.app-Simulated.xcent

ProcessProductPackagingDER /tmp/noop-audit-p0-settings-whoop-20260816/DerivedData/Build/Intermediates.noindex/Strand.build/Debug-iphonesimulator/NOOPiOS.build/NOOP.app.xcent /tmp/noop-audit-p0-settings-whoop-20260816/DerivedData/Build/Intermediates.noindex/Strand.build/Debug-iphonesimulator/NOOPiOS.build/NOOP.app.xcent.der (in target 'NOOPiOS' from project 'Strand')
    cd /tmp/noop-audit-p0-settings-whoop-20260816
    /usr/bin/derq query -f xml -i /tmp/noop-audit-p0-settings-whoop-20260816/DerivedData/Build/Intermediates.noindex/Strand.build/Debug-iphonesimulator/NOOPiOS.build/NOOP.app.xcent -o /tmp/noop-audit-p0-settings-whoop-20260816/DerivedData/Build/Intermediates.noindex/Strand.build/Debug-iphonesimulator/NOOPiOS.build/NOOP.app.xcent.der --raw

ProcessProductPackagingDER /tmp/noop-audit-p0-settings-whoop-20260816/DerivedData/Build/Intermediates.noindex/Strand.build/Debug-iphonesimulator/NOOPiOS.build/NOOP.app-Simulated.xcent /tmp/noop-audit-p0-settings-whoop-20260816/DerivedData/Build/Intermediates.noindex/Strand.build/Debug-iphonesimulator/NOOPiOS.build/NOOP.app-Simulated.xcent.der (in target 'NOOPiOS' from project 'Strand')
    cd /tmp/noop-audit-p0-settings-whoop-20260816
    /usr/bin/derq query -f xml -i /tmp/noop-audit-p0-settings-whoop-20260816/DerivedData/Build/Intermediates.noindex/Strand.build/Debug-iphonesimulator/NOOPiOS.build/NOOP.app-Simulated.xcent -o /tmp/noop-audit-p0-settings-whoop-20260816/DerivedData/Build/Intermediates.noindex/Strand.build/Debug-iphonesimulator/NOOPiOS.build/NOOP.app-Simulated.xcent.der --raw

SwiftDriver NOOPiOS normal arm64 com.apple.xcode.tools.swift.compiler (in target 'NOOPiOS' from project 'Strand')
    cd /tmp/noop-audit-p0-settings-whoop-20260816
    builtin-SwiftDriver -- /Applications/Xcode.app/Contents/Developer/Toolchains/XcodeDefault.xctoolchain/usr/bin/swiftc -module-name NOOP -Onone @/tmp/noop-audit-p0-settings-whoop-20260816/DerivedData/Build/Intermediates.noindex/Strand.build/Debug-iphonesimulator/NOOPiOS.build/Objects-normal/arm64/NOOP.SwiftFileList -DDEBUG -Xcc -fmodule-map-file\=/tmp/noop-audit-p0-settings-whoop-20260816/DerivedData/SourcePackages/checkouts/GRDB.swift/Sources/CSQLite/module.modulemap -enable-experimental-feature DebugDescriptionMacro -sdk /Applications/Xcode.app/Contents/Developer/Platforms/iPhoneSimulator.platform/Developer/SDKs/iPhoneSimulator26.5.sdk -target arm64-apple-ios17.0-simulator -g -module-cache-path /tmp/noop-audit-p0-settings-whoop-20260816/DerivedData/ModuleCache.noindex -Xfrontend -serialize-debugging-options -enable-testing -warnings-as-errors -index-store-path /tmp/noop-audit-p0-settings-whoop-20260816/DerivedData/Index.noindex/DataStore -Xcc -D_LIBCPP_HARDENING_MODE\=_LIBCPP_HARDENING_MODE_DEBUG -swift-version 6 -I /tmp/noop-audit-p0-settings-whoop-20260816/DerivedData/Build/Products/Debug-iphonesimulator -F /tmp/noop-audit-p0-settings-whoop-20260816/DerivedData/Build/Products/Debug-iphonesimulator/PackageFrameworks -F /tmp/noop-audit-p0-settings-whoop-20260816/DerivedData/Build/Products/Debug-iphonesimulator/PackageFrameworks -F /tmp/noop-audit-p0-settings-whoop-20260816/DerivedData/Build/Products/Debug-iphonesimulator/PackageFrameworks -F /tmp/noop-audit-p0-settings-whoop-20260816/DerivedData/Build/Products/Debug-iphonesimulator/PackageFrameworks -F /tmp/noop-audit-p0-settings-whoop-20260816/DerivedData/Build/Products/Debug-iphonesimulator/PackageFrameworks -F /tmp/noop-audit-p0-settings-whoop-20260816/DerivedData/Build/Products/Debug-iphonesimulator/PackageFrameworks -F /tmp/noop-audit-p0-settings-whoop-20260816/DerivedData/Build/Products/Debug-iphonesimulator/PackageFrameworks -F /tmp/noop-audit-p0-settings-whoop-20260816/DerivedData/Build/Products/Debug-iphonesimulator/PackageFrameworks -F /tmp/noop-audit-p0-settings-whoop-20260816/DerivedData/Build/Products/Debug-iphonesimulator/PackageFrameworks -F /tmp/noop-audit-p0-settings-whoop-20260816/DerivedData/Build/Products/Debug-iphonesimulator/PackageFrameworks -F /tmp/noop-audit-p0-settings-whoop-20260816/DerivedData/Build/Products/Debug-iphonesimulator/PackageFrameworks -F /tmp/noop-audit-p0-settings-whoop-20260816/DerivedData/Build/Products/Debug-iphonesimulator/PackageFrameworks -F /tmp/noop-audit-p0-settings-whoop-20260816/DerivedData/Build/Products/Debug-iphonesimulator/PackageFrameworks -F /tmp/noop-audit-p0-settings-whoop-20260816/DerivedData/Build/Products/Debug-iphonesimulator -emit-localized-strings -emit-localized-strings-path /tmp/noop-audit-p0-settings-whoop-20260816/DerivedData/Build/Intermediates.noindex/Strand.build/Debug-iphonesimulator/NOOPiOS.build/Objects-normal/arm64 -c -j8 -enable-batch-mode -incremental -Xcc -ivfsstatcache -Xcc /tmp/noop-audit-p0-settings-whoop-20260816/DerivedData/SDKStatCaches.noindex/iphonesimulator26.5-23F81a-6cfe768891a92b912361537c460fe42b.sdkstatcache -output-file-map /tmp/noop-audit-p0-settings-whoop-20260816/DerivedData/Build/Intermediates.noindex/Strand.build/Debug-iphonesimulator/NOOPiOS.build/Objects-normal/arm64/NOOPiOS-OutputFileMap.json -use-frontend-parseable-output -save-temps -no-color-diagnostics -explicit-module-build -module-cache-path /tmp/noop-audit-p0-settings-whoop-20260816/DerivedData/Build/Intermediates.noindex/SwiftExplicitPrecompiledModules -clang-scanner-module-cache-path /tmp/noop-audit-p0-settings-whoop-20260816/DerivedData/ModuleCache.noindex -sdk-module-cache-path /tmp/noop-audit-p0-settings-whoop-20260816/DerivedData/ModuleCache.noindex -serialize-diagnostics -emit-dependencies -emit-module -emit-module-path /tmp/noop-audit-p0-settings-whoop-20260816/DerivedData/Build/Intermediates.noindex/Strand.build/Debug-iphonesimulator/NOOPiOS.build/Objects-normal/arm64/NOOP.swiftmodule -validate-clang-modules-once -clang-build-session-file /tmp/noop-audit-p0-settings-whoop-20260816/DerivedData/ModuleCache.noindex/Session.modulevalidation -Xcc -I/tmp/noop-audit-p0-settings-whoop-20260816/DerivedData/Build/Intermediates.noindex/Strand.build/Debug-iphonesimulator/NOOPiOS.build/swift-overrides.hmap -emit-const-values -Xfrontend -const-gather-protocols-file -Xfrontend /tmp/noop-audit-p0-settings-whoop-20260816/DerivedData/Build/Intermediates.noindex/Strand.build/Debug-iphonesimulator/NOOPiOS.build/Objects-normal/arm64/NOOPiOS_const_extract_protocols.json -Xcc -iquote -Xcc /tmp/noop-audit-p0-settings-whoop-20260816/DerivedData/Build/Intermediates.noindex/Strand.build/Debug-iphonesimulator/NOOPiOS.build/NOOP-generated-files.hmap -Xcc -I/tmp/noop-audit-p0-settings-whoop-20260816/DerivedData/Build/Intermediates.noindex/Strand.build/Debug-iphonesimulator/NOOPiOS.build/NOOP-own-target-headers.hmap -Xcc -I/tmp/noop-audit-p0-settings-whoop-20260816/DerivedData/Build/Intermediates.noindex/Strand.build/Debug-iphonesimulator/NOOPiOS.build/NOOP-all-non-framework-target-headers.hmap -Xcc -ivfsoverlay -Xcc /tmp/noop-audit-p0-settings-whoop-20260816/DerivedData/Build/Intermediates.noindex/Strand.build/Debug-iphonesimulator/Strand-b8a229635ad384b8b8be1d2fb8c96d4b-VFS-iphonesimulator/all-product-headers.yaml -Xcc -iquote -Xcc /tmp/noop-audit-p0-settings-whoop-20260816/DerivedData/Build/Intermediates.noindex/Strand.build/Debug-iphonesimulator/NOOPiOS.build/NOOP-project-headers.hmap -Xcc -I/tmp/noop-audit-p0-settings-whoop-20260816/DerivedData/SourcePackages/checkouts/swift-cmark/src/include -Xcc -I/tmp/noop-audit-p0-settings-whoop-20260816/DerivedData/SourcePackages/checkouts/swift-cmark/extensions/include -Xcc -I/tmp/noop-audit-p0-settings-whoop-20260816/DerivedData/Build/Products/Debug-iphonesimulator/include -Xcc -I/tmp/noop-audit-p0-settings-whoop-20260816/DerivedData/Build/Intermediates.noindex/Strand.build/Debug-iphonesimulator/NOOPiOS.build/DerivedSources-normal/arm64 -Xcc -I/tmp/noop-audit-p0-settings-whoop-20260816/DerivedData/Build/Intermediates.noindex/Strand.build/Debug-iphonesimulator/NOOPiOS.build/DerivedSources/arm64 -Xcc -I/tmp/noop-audit-p0-settings-whoop-20260816/DerivedData/Build/Intermediates.noindex/Strand.build/Debug-iphonesimulator/NOOPiOS.build/DerivedSources -Xcc -DDEBUG\=1 -emit-objc-header -emit-objc-header-path /tmp/noop-audit-p0-settings-whoop-20260816/DerivedData/Build/Intermediates.noindex/Strand.build/Debug-iphonesimulator/NOOPiOS.build/Objects-normal/arm64/NOOP-Swift.h -working-directory /tmp/noop-audit-p0-settings-whoop-20260816 -experimental-emit-module-separately -disable-cmo

SwiftDriverJobDiscovery normal arm64 Compiling NOOPWidget.swift (in target 'NOOPiOSWidgets' from project 'Strand')

SwiftDriverJobDiscovery normal arm64 Compiling ActiveSinkEpochRecovery.swift, ActiveVerifiedSinkEpoch.swift (in target 'NOOPiOSWidgets' from project 'Strand')

SwiftDriverJobDiscovery normal arm64 Compiling WidgetSnapshot.swift (in target 'NOOPiOSWidgets' from project 'Strand')

SwiftDriverJobDiscovery normal arm64 Compiling WidgetVerifiedEnvelope.swift (in target 'NOOPiOSWidgets' from project 'Strand')

SwiftDriverJobDiscovery normal arm64 Compiling LiveActivityAttributes.swift, NOOPLiveActivity.swift (in target 'NOOPiOSWidgets' from project 'Strand')

SwiftDriver\ Compilation NOOPiOSWidgets normal arm64 com.apple.xcode.tools.swift.compiler (in target 'NOOPiOSWidgets' from project 'Strand')
    cd /tmp/noop-audit-p0-settings-whoop-20260816
    builtin-Swift-Compilation -- /Applications/Xcode.app/Contents/Developer/Toolchains/XcodeDefault.xctoolchain/usr/bin/swiftc -module-name NOOPWidgets -Onone @/tmp/noop-audit-p0-settings-whoop-20260816/DerivedData/Build/Intermediates.noindex/Strand.build/Debug-iphonesimulator/NOOPiOSWidgets.build/Objects-normal/arm64/NOOPWidgets.SwiftFileList -DDEBUG -enable-experimental-feature DebugDescriptionMacro -sdk /Applications/Xcode.app/Contents/Developer/Platforms/iPhoneSimulator.platform/Developer/SDKs/iPhoneSimulator26.5.sdk -target arm64-apple-ios17.0-simulator -g -module-cache-path /tmp/noop-audit-p0-settings-whoop-20260816/DerivedData/ModuleCache.noindex -Xfrontend -serialize-debugging-options -application-extension -enable-testing -warnings-as-errors -index-store-path /tmp/noop-audit-p0-settings-whoop-20260816/DerivedData/Index.noindex/DataStore -Xcc -D_LIBCPP_HARDENING_MODE\=_LIBCPP_HARDENING_MODE_DEBUG -swift-version 6 -I /tmp/noop-audit-p0-settings-whoop-20260816/DerivedData/Build/Products/Debug-iphonesimulator -F /tmp/noop-audit-p0-settings-whoop-20260816/DerivedData/Build/Products/Debug-iphonesimulator/PackageFrameworks -F /tmp/noop-audit-p0-settings-whoop-20260816/DerivedData/Build/Products/Debug-iphonesimulator -emit-localized-strings -emit-localized-strings-path /tmp/noop-audit-p0-settings-whoop-20260816/DerivedData/Build/Intermediates.noindex/Strand.build/Debug-iphonesimulator/NOOPiOSWidgets.build/Objects-normal/arm64 -c -j8 -enable-batch-mode -incremental -Xcc -ivfsstatcache -Xcc /tmp/noop-audit-p0-settings-whoop-20260816/DerivedData/SDKStatCaches.noindex/iphonesimulator26.5-23F81a-6cfe768891a92b912361537c460fe42b.sdkstatcache -output-file-map /tmp/noop-audit-p0-settings-whoop-20260816/DerivedData/Build/Intermediates.noindex/Strand.build/Debug-iphonesimulator/NOOPiOSWidgets.build/Objects-normal/arm64/NOOPiOSWidgets-OutputFileMap.json -use-frontend-parseable-output -save-temps -no-color-diagnostics -explicit-module-build -module-cache-path /tmp/noop-audit-p0-settings-whoop-20260816/DerivedData/Build/Intermediates.noindex/SwiftExplicitPrecompiledModules -clang-scanner-module-cache-path /tmp/noop-audit-p0-settings-whoop-20260816/DerivedData/ModuleCache.noindex -sdk-module-cache-path /tmp/noop-audit-p0-settings-whoop-20260816/DerivedData/ModuleCache.noindex -serialize-diagnostics -emit-dependencies -emit-module -emit-module-path /tmp/noop-audit-p0-settings-whoop-20260816/DerivedData/Build/Intermediates.noindex/Strand.build/Debug-iphonesimulator/NOOPiOSWidgets.build/Objects-normal/arm64/NOOPWidgets.swiftmodule -validate-clang-modules-once -clang-build-session-file /tmp/noop-audit-p0-settings-whoop-20260816/DerivedData/ModuleCache.noindex/Session.modulevalidation -Xcc -I/tmp/noop-audit-p0-settings-whoop-20260816/DerivedData/Build/Intermediates.noindex/Strand.build/Debug-iphonesimulator/NOOPiOSWidgets.build/swift-overrides.hmap -emit-const-values -Xfrontend -const-gather-protocols-file -Xfrontend /tmp/noop-audit-p0-settings-whoop-20260816/DerivedData/Build/Intermediates.noindex/Strand.build/Debug-iphonesimulator/NOOPiOSWidgets.build/Objects-normal/arm64/NOOPiOSWidgets_const_extract_protocols.json -Xcc -iquote -Xcc /tmp/noop-audit-p0-settings-whoop-20260816/DerivedData/Build/Intermediates.noindex/Strand.build/Debug-iphonesimulator/NOOPiOSWidgets.build/NOOPWidgets-generated-files.hmap -Xcc -I/tmp/noop-audit-p0-settings-whoop-20260816/DerivedData/Build/Intermediates.noindex/Strand.build/Debug-iphonesimulator/NOOPiOSWidgets.build/NOOPWidgets-own-target-headers.hmap -Xcc -I/tmp/noop-audit-p0-settings-whoop-20260816/DerivedData/Build/Intermediates.noindex/Strand.build/Debug-iphonesimulator/NOOPiOSWidgets.build/NOOPWidgets-all-non-framework-target-headers.hmap -Xcc -ivfsoverlay -Xcc /tmp/noop-audit-p0-settings-whoop-20260816/DerivedData/Build/Intermediates.noindex/Strand.build/Debug-iphonesimulator/Strand-b8a229635ad384b8b8be1d2fb8c96d4b-VFS-iphonesimulator/all-product-headers.yaml -Xcc -iquote -Xcc /tmp/noop-audit-p0-settings-whoop-20260816/DerivedData/Build/Intermediates.noindex/Strand.build/Debug-iphonesimulator/NOOPiOSWidgets.build/NOOPWidgets-project-headers.hmap -Xcc -I/tmp/noop-audit-p0-settings-whoop-20260816/DerivedData/Build/Products/Debug-iphonesimulator/include -Xcc -I/tmp/noop-audit-p0-settings-whoop-20260816/DerivedData/Build/Intermediates.noindex/Strand.build/Debug-iphonesimulator/NOOPiOSWidgets.build/DerivedSources-normal/arm64 -Xcc -I/tmp/noop-audit-p0-settings-whoop-20260816/DerivedData/Build/Intermediates.noindex/Strand.build/Debug-iphonesimulator/NOOPiOSWidgets.build/DerivedSources/arm64 -Xcc -I/tmp/noop-audit-p0-settings-whoop-20260816/DerivedData/Build/Intermediates.noindex/Strand.build/Debug-iphonesimulator/NOOPiOSWidgets.build/DerivedSources -Xcc -DDEBUG\=1 -emit-objc-header -emit-objc-header-path /tmp/noop-audit-p0-settings-whoop-20260816/DerivedData/Build/Intermediates.noindex/Strand.build/Debug-iphonesimulator/NOOPiOSWidgets.build/Objects-normal/arm64/NOOPWidgets-Swift.h -working-directory /tmp/noop-audit-p0-settings-whoop-20260816 -experimental-emit-module-separately -disable-cmo

Ld /tmp/noop-audit-p0-settings-whoop-20260816/DerivedData/Build/Products/Debug-iphonesimulator/NOOPWidgets.appex/NOOPWidgets.debug.dylib normal (in target 'NOOPiOSWidgets' from project 'Strand')
    cd /tmp/noop-audit-p0-settings-whoop-20260816
    /Applications/Xcode.app/Contents/Developer/Toolchains/XcodeDefault.xctoolchain/usr/bin/clang -Xlinker -reproducible -target arm64-apple-ios17.0-simulator -dynamiclib -isysroot /Applications/Xcode.app/Contents/Developer/Platforms/iPhoneSimulator.platform/Developer/SDKs/iPhoneSimulator26.5.sdk -O0 -L/tmp/noop-audit-p0-settings-whoop-20260816/DerivedData/Build/Intermediates.noindex/EagerLinkingTBDs/Debug-iphonesimulator -L/tmp/noop-audit-p0-settings-whoop-20260816/DerivedData/Build/Products/Debug-iphonesimulator -F/tmp/noop-audit-p0-settings-whoop-20260816/DerivedData/Build/Intermediates.noindex/EagerLinkingTBDs/Debug-iphonesimulator -F/tmp/noop-audit-p0-settings-whoop-20260816/DerivedData/Build/Products/Debug-iphonesimulator/PackageFrameworks -F/tmp/noop-audit-p0-settings-whoop-20260816/DerivedData/Build/Products/Debug-iphonesimulator -filelist /tmp/noop-audit-p0-settings-whoop-20260816/DerivedData/Build/Intermediates.noindex/Strand.build/Debug-iphonesimulator/NOOPiOSWidgets.build/Objects-normal/arm64/NOOPWidgets.LinkFileList -install_name @rpath/NOOPWidgets.debug.dylib -Xlinker -rpath -Xlinker /usr/lib/swift -Xlinker -rpath -Xlinker /tmp/noop-audit-p0-settings-whoop-20260816/DerivedData/Build/Products/Debug-iphonesimulator/PackageFrameworks -Xlinker -rpath -Xlinker @executable_path/Frameworks -Xlinker -rpath -Xlinker @executable_path/../../Frameworks -Xlinker -dead_strip -Xlinker -object_path_lto -Xlinker /tmp/noop-audit-p0-settings-whoop-20260816/DerivedData/Build/Intermediates.noindex/Strand.build/Debug-iphonesimulator/NOOPiOSWidgets.build/Objects-normal/arm64/NOOPWidgets_lto.o -rdynamic -Xlinker -no_deduplicate -Xlinker -objc_abi_version -Xlinker 2 -Xlinker -dependency_info -Xlinker /tmp/noop-audit-p0-settings-whoop-20260816/DerivedData/Build/Intermediates.noindex/Strand.build/Debug-iphonesimulator/NOOPiOSWidgets.build/Objects-normal/arm64/NOOPWidgets_dependency_info.dat -fapplication-extension -fobjc-link-runtime -L/Applications/Xcode.app/Contents/Developer/Toolchains/XcodeDefault.xctoolchain/usr/lib/swift/iphonesimulator -L/usr/lib/swift -Xlinker -add_ast_path -Xlinker /tmp/noop-audit-p0-settings-whoop-20260816/DerivedData/Build/Intermediates.noindex/Strand.build/Debug-iphonesimulator/NOOPiOSWidgets.build/Objects-normal/arm64/NOOPWidgets.swiftmodule @/tmp/noop-audit-p0-settings-whoop-20260816/DerivedData/Build/Intermediates.noindex/Strand.build/Debug-iphonesimulator/NOOPiOSWidgets.build/Objects-normal/arm64/NOOPWidgets-linker-args.resp -Wl,-no_warn_duplicate_libraries -Xlinker -alias -Xlinker _NSExtensionMain -Xlinker ___debug_main_executable_dylib_entry_point -Xlinker -no_adhoc_codesign -o /tmp/noop-audit-p0-settings-whoop-20260816/DerivedData/Build/Products/Debug-iphonesimulator/NOOPWidgets.appex/NOOPWidgets.debug.dylib -Xlinker -add_ast_path -Xlinker /tmp/noop-audit-p0-settings-whoop-20260816/DerivedData/Build/Intermediates.noindex/StrandDesign.build/Debug-iphonesimulator/StrandDesign.build/Objects-normal/arm64/StrandDesign.swiftmodule @/tmp/noop-audit-p0-settings-whoop-20260816/DerivedData/Build/Intermediates.noindex/StrandDesign.build/Debug-iphonesimulator/StrandDesign.build/Objects-normal/arm64/StrandDesign-linker-args.resp

ConstructStubExecutorLinkFileList /tmp/noop-audit-p0-settings-whoop-20260816/DerivedData/Build/Intermediates.noindex/Strand.build/Debug-iphonesimulator/NOOPiOSWidgets.build/NOOPWidgets-ExecutorLinkFileList-normal-arm64.txt (in target 'NOOPiOSWidgets' from project 'Strand')
    cd /tmp/noop-audit-p0-settings-whoop-20260816
    construct-stub-executor-link-file-list /tmp/noop-audit-p0-settings-whoop-20260816/DerivedData/Build/Products/Debug-iphonesimulator/NOOPWidgets.appex/NOOPWidgets.debug.dylib /Applications/Xcode.app/Contents/Developer/Platforms/iPhoneSimulator.platform/Developer/usr/lib/libPreviewsJITStubExecutor_no_swift_entry_point.a /Applications/Xcode.app/Contents/Developer/Platforms/iPhoneSimulator.platform/Developer/usr/lib/libPreviewsJITStubExecutor.a --output /tmp/noop-audit-p0-settings-whoop-20260816/DerivedData/Build/Intermediates.noindex/Strand.build/Debug-iphonesimulator/NOOPiOSWidgets.build/NOOPWidgets-ExecutorLinkFileList-normal-arm64.txt
note: Using stub executor library with Swift entry point. (in target 'NOOPiOSWidgets' from project 'Strand')

Ld /tmp/noop-audit-p0-settings-whoop-20260816/DerivedData/Build/Products/Debug-iphonesimulator/NOOPWidgets.appex/NOOPWidgets normal (in target 'NOOPiOSWidgets' from project 'Strand')
    cd /tmp/noop-audit-p0-settings-whoop-20260816
    /Applications/Xcode.app/Contents/Developer/Toolchains/XcodeDefault.xctoolchain/usr/bin/clang -Xlinker -reproducible -target arm64-apple-ios17.0-simulator -isysroot /Applications/Xcode.app/Contents/Developer/Platforms/iPhoneSimulator.platform/Developer/SDKs/iPhoneSimulator26.5.sdk -O0 -L/tmp/noop-audit-p0-settings-whoop-20260816/DerivedData/Build/Products/Debug-iphonesimulator -F/tmp/noop-audit-p0-settings-whoop-20260816/DerivedData/Build/Products/Debug-iphonesimulator/PackageFrameworks -F/tmp/noop-audit-p0-settings-whoop-20260816/DerivedData/Build/Products/Debug-iphonesimulator -Xlinker -rpath -Xlinker @executable_path -Xlinker -rpath -Xlinker /tmp/noop-audit-p0-settings-whoop-20260816/DerivedData/Build/Products/Debug-iphonesimulator/PackageFrameworks -Xlinker -rpath -Xlinker @executable_path/Frameworks -Xlinker -rpath -Xlinker @executable_path/../../Frameworks -rdynamic -Xlinker -no_deduplicate -Xlinker -objc_abi_version -Xlinker 2 -e ___debug_blank_executor_main -Xlinker -sectcreate -Xlinker __TEXT -Xlinker __debug_dylib -Xlinker /tmp/noop-audit-p0-settings-whoop-20260816/DerivedData/Build/Intermediates.noindex/Strand.build/Debug-iphonesimulator/NOOPiOSWidgets.build/NOOPWidgets-DebugDylibPath-normal-arm64.txt -Xlinker -sectcreate -Xlinker __TEXT -Xlinker __debug_entry -Xlinker /tmp/noop-audit-p0-settings-whoop-20260816/DerivedData/Build/Intermediates.noindex/Strand.build/Debug-iphonesimulator/NOOPiOSWidgets.build/NOOPWidgets-DebugEntryPoint-normal-arm64.txt -Xlinker -sectcreate -Xlinker __TEXT -Xlinker __debug_instlnm -Xlinker /tmp/noop-audit-p0-settings-whoop-20260816/DerivedData/Build/Intermediates.noindex/Strand.build/Debug-iphonesimulator/NOOPiOSWidgets.build/NOOPWidgets-DebugDylibInstallName-normal-arm64.txt -Xlinker -filelist -Xlinker /tmp/noop-audit-p0-settings-whoop-20260816/DerivedData/Build/Intermediates.noindex/Strand.build/Debug-iphonesimulator/NOOPiOSWidgets.build/NOOPWidgets-ExecutorLinkFileList-normal-arm64.txt -Xlinker -sectcreate -Xlinker __TEXT -Xlinker __entitlements -Xlinker /tmp/noop-audit-p0-settings-whoop-20260816/DerivedData/Build/Intermediates.noindex/Strand.build/Debug-iphonesimulator/NOOPiOSWidgets.build/NOOPWidgets.appex-Simulated.xcent -Xlinker -sectcreate -Xlinker __TEXT -Xlinker __ents_der -Xlinker /tmp/noop-audit-p0-settings-whoop-20260816/DerivedData/Build/Intermediates.noindex/Strand.build/Debug-iphonesimulator/NOOPiOSWidgets.build/NOOPWidgets.appex-Simulated.xcent.der /tmp/noop-audit-p0-settings-whoop-20260816/DerivedData/Build/Products/Debug-iphonesimulator/NOOPWidgets.appex/NOOPWidgets.debug.dylib -Xlinker -no_adhoc_codesign -o /tmp/noop-audit-p0-settings-whoop-20260816/DerivedData/Build/Products/Debug-iphonesimulator/NOOPWidgets.appex/NOOPWidgets

WriteAuxiliaryFile /tmp/noop-audit-p0-settings-whoop-20260816/DerivedData/Build/Intermediates.noindex/Strand.build/Debug-iphonesimulator/NOOPiOSWidgets.build/NOOPWidgets.DependencyMetadataFileList (in target 'NOOPiOSWidgets' from project 'Strand')
    cd /tmp/noop-audit-p0-settings-whoop-20260816
    write-file /tmp/noop-audit-p0-settings-whoop-20260816/DerivedData/Build/Intermediates.noindex/Strand.build/Debug-iphonesimulator/NOOPiOSWidgets.build/NOOPWidgets.DependencyMetadataFileList

ExtractAppIntentsMetadata (in target 'NOOPiOSWidgets' from project 'Strand')
    cd /tmp/noop-audit-p0-settings-whoop-20260816
    /Applications/Xcode.app/Contents/Developer/Toolchains/XcodeDefault.xctoolchain/usr/bin/appintentsmetadataprocessor --toolchain-dir /Applications/Xcode.app/Contents/Developer/Toolchains/XcodeDefault.xctoolchain --module-name NOOPWidgets --sdk-root /Applications/Xcode.app/Contents/Developer/Platforms/iPhoneSimulator.platform/Developer/SDKs/iPhoneSimulator26.5.sdk --xcode-version 17F113 --platform-family iOS --deployment-target 17.0 --bundle-identifier com.eastonplace.noop.widgets --output /tmp/noop-audit-p0-settings-whoop-20260816/DerivedData/Build/Products/Debug-iphonesimulator/NOOPWidgets.appex --target-triple arm64-apple-ios17.0-simulator --binary-file /tmp/noop-audit-p0-settings-whoop-20260816/DerivedData/Build/Products/Debug-iphonesimulator/NOOPWidgets.appex/NOOPWidgets --dependency-file /tmp/noop-audit-p0-settings-whoop-20260816/DerivedData/Build/Intermediates.noindex/Strand.build/Debug-iphonesimulator/NOOPiOSWidgets.build/Objects-normal/arm64/NOOPWidgets_dependency_info.dat --stringsdata-file /tmp/noop-audit-p0-settings-whoop-20260816/DerivedData/Build/Intermediates.noindex/Strand.build/Debug-iphonesimulator/NOOPiOSWidgets.build/Objects-normal/arm64/ExtractedAppShortcutsMetadata.stringsdata --source-file-list /tmp/noop-audit-p0-settings-whoop-20260816/DerivedData/Build/Intermediates.noindex/Strand.build/Debug-iphonesimulator/NOOPiOSWidgets.build/Objects-normal/arm64/NOOPWidgets.SwiftFileList --metadata-file-list /tmp/noop-audit-p0-settings-whoop-20260816/DerivedData/Build/Intermediates.noindex/Strand.build/Debug-iphonesimulator/NOOPiOSWidgets.build/NOOPWidgets.DependencyMetadataFileList --static-metadata-file-list /tmp/noop-audit-p0-settings-whoop-20260816/DerivedData/Build/Intermediates.noindex/Strand.build/Debug-iphonesimulator/NOOPiOSWidgets.build/NOOPWidgets.DependencyStaticMetadataFileList --swift-const-vals-list /tmp/noop-audit-p0-settings-whoop-20260816/DerivedData/Build/Intermediates.noindex/Strand.build/Debug-iphonesimulator/NOOPiOSWidgets.build/Objects-normal/arm64/NOOPWidgets.SwiftConstValuesFileList --compile-time-extraction --deployment-aware-processing --validate-assistant-intents --no-app-shortcuts-localization
2026-08-16 18:27:36.570 appintentsmetadataprocessor[5465:5320515] Starting appintentsmetadataprocessor export
2026-08-16 18:27:36.581 appintentsmetadataprocessor[5465:5320515] Extracted no relevant App Intents symbols, skipping writing output

AppIntentsSSUTraining (in target 'NOOPiOSWidgets' from project 'Strand')
    cd /tmp/noop-audit-p0-settings-whoop-20260816
    /Applications/Xcode.app/Contents/Developer/Toolchains/XcodeDefault.xctoolchain/usr/bin/appintentsnltrainingprocessor --infoplist-path /tmp/noop-audit-p0-settings-whoop-20260816/DerivedData/Build/Products/Debug-iphonesimulator/NOOPWidgets.appex/Info.plist --temp-dir-path /tmp/noop-audit-p0-settings-whoop-20260816/DerivedData/Build/Intermediates.noindex/Strand.build/Debug-iphonesimulator/NOOPiOSWidgets.build/ssu --bundle-id com.eastonplace.noop.widgets --product-path /tmp/noop-audit-p0-settings-whoop-20260816/DerivedData/Build/Products/Debug-iphonesimulator/NOOPWidgets.appex --extracted-metadata-path /tmp/noop-audit-p0-settings-whoop-20260816/DerivedData/Build/Products/Debug-iphonesimulator/NOOPWidgets.appex/Metadata.appintents --metadata-file-list /tmp/noop-audit-p0-settings-whoop-20260816/DerivedData/Build/Intermediates.noindex/Strand.build/Debug-iphonesimulator/NOOPiOSWidgets.build/NOOPWidgets.DependencyMetadataFileList --source-file /tmp/noop-audit-p0-settings-whoop-20260816/DerivedData/Build/Products/Debug-iphonesimulator/NOOPWidgets.appex/Info.plist --archive-ssu-assets
2026-08-16 18:27:36.603 appintentsnltrainingprocessor[5466:5320518] Parsing options for appintentsnltrainingprocessor
2026-08-16 18:27:36.604 appintentsnltrainingprocessor[5466:5320518] Starting AppIntents SSU YAML Generation
2026-08-16 18:27:36.604 appintentsnltrainingprocessor[5466:5320518] No AppShortcuts found - Skipping.

CodeSign /tmp/noop-audit-p0-settings-whoop-20260816/DerivedData/Build/Products/Debug-iphonesimulator/NOOPWidgets.appex/NOOPWidgets.debug.dylib (in target 'NOOPiOSWidgets' from project 'Strand')
    cd /tmp/noop-audit-p0-settings-whoop-20260816
    
    Signing Identity:     "Sign to Run Locally"
    
    /usr/bin/codesign --force --sign - --timestamp\=none --generate-entitlement-der /tmp/noop-audit-p0-settings-whoop-20260816/DerivedData/Build/Products/Debug-iphonesimulator/NOOPWidgets.appex/NOOPWidgets.debug.dylib

CodeSign /tmp/noop-audit-p0-settings-whoop-20260816/DerivedData/Build/Products/Debug-iphonesimulator/NOOPWidgets.appex (in target 'NOOPiOSWidgets' from project 'Strand')
    cd /tmp/noop-audit-p0-settings-whoop-20260816
    
    Signing Identity:     "Sign to Run Locally"
    
    /usr/bin/codesign --force --sign - --entitlements /tmp/noop-audit-p0-settings-whoop-20260816/DerivedData/Build/Intermediates.noindex/Strand.build/Debug-iphonesimulator/NOOPiOSWidgets.build/NOOPWidgets.appex.xcent --timestamp\=none --generate-entitlement-der /tmp/noop-audit-p0-settings-whoop-20260816/DerivedData/Build/Products/Debug-iphonesimulator/NOOPWidgets.appex

Copy /tmp/noop-audit-p0-settings-whoop-20260816/DerivedData/Build/Products/Debug-iphonesimulator/NOOP.app/StrandDesign_StrandDesign.bundle /tmp/noop-audit-p0-settings-whoop-20260816/DerivedData/Build/Products/Debug-iphonesimulator/StrandDesign_StrandDesign.bundle (in target 'NOOPiOS' from project 'Strand')
    cd /tmp/noop-audit-p0-settings-whoop-20260816
    builtin-copy -exclude .DS_Store -exclude CVS -exclude .svn -exclude .git -exclude .hg -resolve-src-symlinks /tmp/noop-audit-p0-settings-whoop-20260816/DerivedData/Build/Products/Debug-iphonesimulator/StrandDesign_StrandDesign.bundle /tmp/noop-audit-p0-settings-whoop-20260816/DerivedData/Build/Products/Debug-iphonesimulator/NOOP.app

CompileXCStrings /tmp/noop-audit-p0-settings-whoop-20260816/DerivedData/Build/Intermediates.noindex/Strand.build/Debug-iphonesimulator/NOOPiOS.build/ /tmp/noop-audit-p0-settings-whoop-20260816/Strand/Resources/Localizable.xcstrings (in target 'NOOPiOS' from project 'Strand')
    cd /tmp/noop-audit-p0-settings-whoop-20260816
    /Applications/Xcode.app/Contents/Developer/usr/bin/xcstringstool compile --output-directory /tmp/noop-audit-p0-settings-whoop-20260816/DerivedData/Build/Intermediates.noindex/Strand.build/Debug-iphonesimulator/NOOPiOS.build /tmp/noop-audit-p0-settings-whoop-20260816/Strand/Resources/Localizable.xcstrings

CopyStringsFile /tmp/noop-audit-p0-settings-whoop-20260816/DerivedData/Build/Products/Debug-iphonesimulator/NOOP.app/zh-Hant.lproj/Localizable.strings /tmp/noop-audit-p0-settings-whoop-20260816/DerivedData/Build/Intermediates.noindex/Strand.build/Debug-iphonesimulator/NOOPiOS.build/zh-Hant.lproj/Localizable.strings (in target 'NOOPiOS' from project 'Strand')
    cd /tmp/noop-audit-p0-settings-whoop-20260816
    builtin-copyStrings --validate --outputencoding binary --outfilename Localizable.strings --outdir /tmp/noop-audit-p0-settings-whoop-20260816/DerivedData/Build/Products/Debug-iphonesimulator/NOOP.app/zh-Hant.lproj -- /tmp/noop-audit-p0-settings-whoop-20260816/DerivedData/Build/Intermediates.noindex/Strand.build/Debug-iphonesimulator/NOOPiOS.build/zh-Hant.lproj/Localizable.strings
/tmp/noop-audit-p0-settings-whoop-20260816/DerivedData/Build/Intermediates.noindex/Strand.build/Debug-iphonesimulator/NOOPiOS.build/zh-Hant.lproj/Localizable.strings:1:1: note: detected encoding of input file as Unicode (UTF-8) (in target 'NOOPiOS' from project 'Strand')

CopyStringsFile /tmp/noop-audit-p0-settings-whoop-20260816/DerivedData/Build/Products/Debug-iphonesimulator/NOOP.app/ru.lproj/Localizable.strings /tmp/noop-audit-p0-settings-whoop-20260816/DerivedData/Build/Intermediates.noindex/Strand.build/Debug-iphonesimulator/NOOPiOS.build/ru.lproj/Localizable.strings (in target 'NOOPiOS' from project 'Strand')
    cd /tmp/noop-audit-p0-settings-whoop-20260816
    builtin-copyStrings --validate --outputencoding binary --outfilename Localizable.strings --outdir /tmp/noop-audit-p0-settings-whoop-20260816/DerivedData/Build/Products/Debug-iphonesimulator/NOOP.app/ru.lproj -- /tmp/noop-audit-p0-settings-whoop-20260816/DerivedData/Build/Intermediates.noindex/Strand.build/Debug-iphonesimulator/NOOPiOS.build/ru.lproj/Localizable.strings
/tmp/noop-audit-p0-settings-whoop-20260816/DerivedData/Build/Intermediates.noindex/Strand.build/Debug-iphonesimulator/NOOPiOS.build/ru.lproj/Localizable.strings:1:1: note: detected encoding of input file as Unicode (UTF-8) (in target 'NOOPiOS' from project 'Strand')

CopyStringsFile /tmp/noop-audit-p0-settings-whoop-20260816/DerivedData/Build/Products/Debug-iphonesimulator/NOOP.app/fr.lproj/Localizable.strings /tmp/noop-audit-p0-settings-whoop-20260816/DerivedData/Build/Intermediates.noindex/Strand.build/Debug-iphonesimulator/NOOPiOS.build/fr.lproj/Localizable.strings (in target 'NOOPiOS' from project 'Strand')
    cd /tmp/noop-audit-p0-settings-whoop-20260816
    builtin-copyStrings --validate --outputencoding binary --outfilename Localizable.strings --outdir /tmp/noop-audit-p0-settings-whoop-20260816/DerivedData/Build/Products/Debug-iphonesimulator/NOOP.app/fr.lproj -- /tmp/noop-audit-p0-settings-whoop-20260816/DerivedData/Build/Intermediates.noindex/Strand.build/Debug-iphonesimulator/NOOPiOS.build/fr.lproj/Localizable.strings
/tmp/noop-audit-p0-settings-whoop-20260816/DerivedData/Build/Intermediates.noindex/Strand.build/Debug-iphonesimulator/NOOPiOS.build/fr.lproj/Localizable.strings:1:1: note: detected encoding of input file as Unicode (UTF-8) (in target 'NOOPiOS' from project 'Strand')

CopyStringsFile /tmp/noop-audit-p0-settings-whoop-20260816/DerivedData/Build/Products/Debug-iphonesimulator/NOOP.app/zh-Hans.lproj/Localizable.strings /tmp/noop-audit-p0-settings-whoop-20260816/DerivedData/Build/Intermediates.noindex/Strand.build/Debug-iphonesimulator/NOOPiOS.build/zh-Hans.lproj/Localizable.strings (in target 'NOOPiOS' from project 'Strand')
    cd /tmp/noop-audit-p0-settings-whoop-20260816
    builtin-copyStrings --validate --outputencoding binary --outfilename Localizable.strings --outdir /tmp/noop-audit-p0-settings-whoop-20260816/DerivedData/Build/Products/Debug-iphonesimulator/NOOP.app/zh-Hans.lproj -- /tmp/noop-audit-p0-settings-whoop-20260816/DerivedData/Build/Intermediates.noindex/Strand.build/Debug-iphonesimulator/NOOPiOS.build/zh-Hans.lproj/Localizable.strings
/tmp/noop-audit-p0-settings-whoop-20260816/DerivedData/Build/Intermediates.noindex/Strand.build/Debug-iphonesimulator/NOOPiOS.build/zh-Hans.lproj/Localizable.strings:1:1: note: detected encoding of input file as Unicode (UTF-8) (in target 'NOOPiOS' from project 'Strand')

CopyStringsFile /tmp/noop-audit-p0-settings-whoop-20260816/DerivedData/Build/Products/Debug-iphonesimulator/NOOP.app/es.lproj/Localizable.strings /tmp/noop-audit-p0-settings-whoop-20260816/DerivedData/Build/Intermediates.noindex/Strand.build/Debug-iphonesimulator/NOOPiOS.build/es.lproj/Localizable.strings (in target 'NOOPiOS' from project 'Strand')
    cd /tmp/noop-audit-p0-settings-whoop-20260816
    builtin-copyStrings --validate --outputencoding binary --outfilename Localizable.strings --outdir /tmp/noop-audit-p0-settings-whoop-20260816/DerivedData/Build/Products/Debug-iphonesimulator/NOOP.app/es.lproj -- /tmp/noop-audit-p0-settings-whoop-20260816/DerivedData/Build/Intermediates.noindex/Strand.build/Debug-iphonesimulator/NOOPiOS.build/es.lproj/Localizable.strings
/tmp/noop-audit-p0-settings-whoop-20260816/DerivedData/Build/Intermediates.noindex/Strand.build/Debug-iphonesimulator/NOOPiOS.build/es.lproj/Localizable.strings:1:1: note: detected encoding of input file as Unicode (UTF-8) (in target 'NOOPiOS' from project 'Strand')

CopyStringsFile /tmp/noop-audit-p0-settings-whoop-20260816/DerivedData/Build/Products/Debug-iphonesimulator/NOOP.app/it.lproj/Localizable.strings /tmp/noop-audit-p0-settings-whoop-20260816/DerivedData/Build/Intermediates.noindex/Strand.build/Debug-iphonesimulator/NOOPiOS.build/it.lproj/Localizable.strings (in target 'NOOPiOS' from project 'Strand')
    cd /tmp/noop-audit-p0-settings-whoop-20260816
    builtin-copyStrings --validate --outputencoding binary --outfilename Localizable.strings --outdir /tmp/noop-audit-p0-settings-whoop-20260816/DerivedData/Build/Products/Debug-iphonesimulator/NOOP.app/it.lproj -- /tmp/noop-audit-p0-settings-whoop-20260816/DerivedData/Build/Intermediates.noindex/Strand.build/Debug-iphonesimulator/NOOPiOS.build/it.lproj/Localizable.strings
/tmp/noop-audit-p0-settings-whoop-20260816/DerivedData/Build/Intermediates.noindex/Strand.build/Debug-iphonesimulator/NOOPiOS.build/it.lproj/Localizable.strings:1:1: note: detected encoding of input file as Unicode (UTF-8) (in target 'NOOPiOS' from project 'Strand')

CopyStringsFile /tmp/noop-audit-p0-settings-whoop-20260816/DerivedData/Build/Products/Debug-iphonesimulator/NOOP.app/pt-PT.lproj/Localizable.strings /tmp/noop-audit-p0-settings-whoop-20260816/DerivedData/Build/Intermediates.noindex/Strand.build/Debug-iphonesimulator/NOOPiOS.build/pt-PT.lproj/Localizable.strings (in target 'NOOPiOS' from project 'Strand')
    cd /tmp/noop-audit-p0-settings-whoop-20260816
    builtin-copyStrings --validate --outputencoding binary --outfilename Localizable.strings --outdir /tmp/noop-audit-p0-settings-whoop-20260816/DerivedData/Build/Products/Debug-iphonesimulator/NOOP.app/pt-PT.lproj -- /tmp/noop-audit-p0-settings-whoop-20260816/DerivedData/Build/Intermediates.noindex/Strand.build/Debug-iphonesimulator/NOOPiOS.build/pt-PT.lproj/Localizable.strings
/tmp/noop-audit-p0-settings-whoop-20260816/DerivedData/Build/Intermediates.noindex/Strand.build/Debug-iphonesimulator/NOOPiOS.build/pt-PT.lproj/Localizable.strings:1:1: note: detected encoding of input file as Unicode (UTF-8) (in target 'NOOPiOS' from project 'Strand')

CopyStringsFile /tmp/noop-audit-p0-settings-whoop-20260816/DerivedData/Build/Products/Debug-iphonesimulator/NOOP.app/en.lproj/Localizable.strings /tmp/noop-audit-p0-settings-whoop-20260816/DerivedData/Build/Intermediates.noindex/Strand.build/Debug-iphonesimulator/NOOPiOS.build/en.lproj/Localizable.strings (in target 'NOOPiOS' from project 'Strand')
    cd /tmp/noop-audit-p0-settings-whoop-20260816
    builtin-copyStrings --validate --outputencoding binary --outfilename Localizable.strings --outdir /tmp/noop-audit-p0-settings-whoop-20260816/DerivedData/Build/Products/Debug-iphonesimulator/NOOP.app/en.lproj -- /tmp/noop-audit-p0-settings-whoop-20260816/DerivedData/Build/Intermediates.noindex/Strand.build/Debug-iphonesimulator/NOOPiOS.build/en.lproj/Localizable.strings
/tmp/noop-audit-p0-settings-whoop-20260816/DerivedData/Build/Intermediates.noindex/Strand.build/Debug-iphonesimulator/NOOPiOS.build/en.lproj/Localizable.strings:1:1: note: detected encoding of input file as Unicode (UTF-8) (in target 'NOOPiOS' from project 'Strand')

CopyStringsFile /tmp/noop-audit-p0-settings-whoop-20260816/DerivedData/Build/Products/Debug-iphonesimulator/NOOP.app/de.lproj/Localizable.strings /tmp/noop-audit-p0-settings-whoop-20260816/DerivedData/Build/Intermediates.noindex/Strand.build/Debug-iphonesimulator/NOOPiOS.build/de.lproj/Localizable.strings (in target 'NOOPiOS' from project 'Strand')
    cd /tmp/noop-audit-p0-settings-whoop-20260816
    builtin-copyStrings --validate --outputencoding binary --outfilename Localizable.strings --outdir /tmp/noop-audit-p0-settings-whoop-20260816/DerivedData/Build/Products/Debug-iphonesimulator/NOOP.app/de.lproj -- /tmp/noop-audit-p0-settings-whoop-20260816/DerivedData/Build/Intermediates.noindex/Strand.build/Debug-iphonesimulator/NOOPiOS.build/de.lproj/Localizable.strings
/tmp/noop-audit-p0-settings-whoop-20260816/DerivedData/Build/Intermediates.noindex/Strand.build/Debug-iphonesimulator/NOOPiOS.build/de.lproj/Localizable.strings:1:1: note: detected encoding of input file as Unicode (UTF-8) (in target 'NOOPiOS' from project 'Strand')

SwiftCompile normal arm64 Compiling\ AICoach.swift,\ AIProvider.swift,\ ActiveGpsWorkoutPersistence.swift,\ ActiveSinkEpochRecovery.swift,\ ActiveVerifiedSinkEpoch.swift,\ ActiveWorkoutPersistence.swift,\ AddDeviceWizard.swift,\ Anthropic.swift,\ AppHeaderChrome.swift,\ AppModel+SeededWhoopModel.swift,\ AppModel.swift,\ AppleDemoSeeder.swift,\ AppleHealthImport.swift,\ AppleHealthView.swift,\ AppleHealthWearableViews.swift,\ AppleWatchDevice.swift,\ AutoWorkoutCard.swift,\ AutomationsView.swift,\ BLEManager.swift,\ BackfillPolicy.swift,\ Backfiller.swift,\ BackupSync.swift,\ BackupSyncView.swift,\ BatteryNotifier.swift /tmp/noop-audit-p0-settings-whoop-20260816/Strand/AI/AICoach.swift /tmp/noop-audit-p0-settings-whoop-20260816/Strand/AI/AIProvider.swift /tmp/noop-audit-p0-settings-whoop-20260816/Strand/App/ActiveGpsWorkoutPersistence.swift /tmp/noop-audit-p0-settings-whoop-20260816/StrandiOSShared/ActiveSinkEpochRecovery.swift /tmp/noop-audit-p0-settings-whoop-20260816/StrandiOSShared/ActiveVerifiedSinkEpoch.swift /tmp/noop-audit-p0-settings-whoop-20260816/Strand/App/ActiveWorkoutPersistence.swift /tmp/noop-audit-p0-settings-whoop-20260816/Strand/Screens/AddDeviceWizard.swift /tmp/noop-audit-p0-settings-whoop-20260816/Strand/AI/Providers/Anthropic.swift /tmp/noop-audit-p0-settings-whoop-20260816/Strand/Screens/AppHeaderChrome.swift /tmp/noop-audit-p0-settings-whoop-20260816/StrandiOS/App/AppModel+SeededWhoopModel.swift /tmp/noop-audit-p0-settings-whoop-20260816/Strand/App/AppModel.swift /tmp/noop-audit-p0-settings-whoop-20260816/Strand/Data/AppleDemoSeeder.swift /tmp/noop-audit-p0-settings-whoop-20260816/Strand/Data/AppleHealthImport.swift /tmp/noop-audit-p0-settings-whoop-20260816/Strand/Screens/AppleHealthView.swift /tmp/noop-audit-p0-settings-whoop-20260816/Strand/Screens/AppleHealthWearableViews.swift /tmp/noop-audit-p0-settings-whoop-20260816/Strand/Data/AppleWatchDevice.swift /tmp/noop-audit-p0-settings-whoop-20260816/Strand/Screens/AutoWorkoutCard.swift /tmp/noop-audit-p0-settings-whoop-20260816/Strand/Screens/AutomationsView.swift /tmp/noop-audit-p0-settings-whoop-20260816/Strand/BLE/BLEManager.swift /tmp/noop-audit-p0-settings-whoop-20260816/Strand/BLE/BackfillPolicy.swift /tmp/noop-audit-p0-settings-whoop-20260816/Strand/Collect/Backfiller.swift /tmp/noop-audit-p0-settings-whoop-20260816/Strand/Data/BackupSync.swift /tmp/noop-audit-p0-settings-whoop-20260816/Strand/Screens/BackupSyncView.swift /tmp/noop-audit-p0-settings-whoop-20260816/Strand/System/BatteryNotifier.swift (in target 'NOOPiOS' from project 'Strand')

SwiftCompile normal arm64 /tmp/noop-audit-p0-settings-whoop-20260816/Strand/AI/AICoach.swift (in target 'NOOPiOS' from project 'Strand')
    cd /tmp/noop-audit-p0-settings-whoop-20260816
    

SwiftCompile normal arm64 /tmp/noop-audit-p0-settings-whoop-20260816/Strand/AI/AIProvider.swift (in target 'NOOPiOS' from project 'Strand')
    cd /tmp/noop-audit-p0-settings-whoop-20260816
    

SwiftCompile normal arm64 /tmp/noop-audit-p0-settings-whoop-20260816/Strand/App/ActiveGpsWorkoutPersistence.swift (in target 'NOOPiOS' from project 'Strand')
    cd /tmp/noop-audit-p0-settings-whoop-20260816
    

SwiftCompile normal arm64 /tmp/noop-audit-p0-settings-whoop-20260816/StrandiOSShared/ActiveSinkEpochRecovery.swift (in target 'NOOPiOS' from project 'Strand')
    cd /tmp/noop-audit-p0-settings-whoop-20260816
    

SwiftCompile normal arm64 /tmp/noop-audit-p0-settings-whoop-20260816/StrandiOSShared/ActiveVerifiedSinkEpoch.swift (in target 'NOOPiOS' from project 'Strand')
    cd /tmp/noop-audit-p0-settings-whoop-20260816
    

SwiftCompile normal arm64 /tmp/noop-audit-p0-settings-whoop-20260816/Strand/App/ActiveWorkoutPersistence.swift (in target 'NOOPiOS' from project 'Strand')
    cd /tmp/noop-audit-p0-settings-whoop-20260816
    

SwiftCompile normal arm64 /tmp/noop-audit-p0-settings-whoop-20260816/Strand/Screens/AddDeviceWizard.swift (in target 'NOOPiOS' from project 'Strand')
    cd /tmp/noop-audit-p0-settings-whoop-20260816
    

SwiftCompile normal arm64 /tmp/noop-audit-p0-settings-whoop-20260816/Strand/AI/Providers/Anthropic.swift (in target 'NOOPiOS' from project 'Strand')
    cd /tmp/noop-audit-p0-settings-whoop-20260816
    

SwiftCompile normal arm64 /tmp/noop-audit-p0-settings-whoop-20260816/Strand/Screens/AppHeaderChrome.swift (in target 'NOOPiOS' from project 'Strand')
    cd /tmp/noop-audit-p0-settings-whoop-20260816
    

SwiftCompile normal arm64 /tmp/noop-audit-p0-settings-whoop-20260816/StrandiOS/App/AppModel+SeededWhoopModel.swift (in target 'NOOPiOS' from project 'Strand')
    cd /tmp/noop-audit-p0-settings-whoop-20260816
    

SwiftCompile normal arm64 /tmp/noop-audit-p0-settings-whoop-20260816/Strand/App/AppModel.swift (in target 'NOOPiOS' from project 'Strand')
    cd /tmp/noop-audit-p0-settings-whoop-20260816
    

SwiftCompile normal arm64 /tmp/noop-audit-p0-settings-whoop-20260816/Strand/Data/AppleDemoSeeder.swift (in target 'NOOPiOS' from project 'Strand')
    cd /tmp/noop-audit-p0-settings-whoop-20260816
    

SwiftCompile normal arm64 /tmp/noop-audit-p0-settings-whoop-20260816/Strand/Data/AppleHealthImport.swift (in target 'NOOPiOS' from project 'Strand')
    cd /tmp/noop-audit-p0-settings-whoop-20260816
    

SwiftCompile normal arm64 /tmp/noop-audit-p0-settings-whoop-20260816/Strand/Screens/AppleHealthView.swift (in target 'NOOPiOS' from project 'Strand')
    cd /tmp/noop-audit-p0-settings-whoop-20260816
    

SwiftCompile normal arm64 /tmp/noop-audit-p0-settings-whoop-20260816/Strand/Screens/AppleHealthWearableViews.swift (in target 'NOOPiOS' from project 'Strand')
    cd /tmp/noop-audit-p0-settings-whoop-20260816
    

SwiftCompile normal arm64 /tmp/noop-audit-p0-settings-whoop-20260816/Strand/Data/AppleWatchDevice.swift (in target 'NOOPiOS' from project 'Strand')
    cd /tmp/noop-audit-p0-settings-whoop-20260816
    

SwiftCompile normal arm64 /tmp/noop-audit-p0-settings-whoop-20260816/Strand/Screens/AutoWorkoutCard.swift (in target 'NOOPiOS' from project 'Strand')
    cd /tmp/noop-audit-p0-settings-whoop-20260816
    

SwiftCompile normal arm64 /tmp/noop-audit-p0-settings-whoop-20260816/Strand/Screens/AutomationsView.swift (in target 'NOOPiOS' from project 'Strand')
    cd /tmp/noop-audit-p0-settings-whoop-20260816
    

SwiftCompile normal arm64 /tmp/noop-audit-p0-settings-whoop-20260816/Strand/BLE/BLEManager.swift (in target 'NOOPiOS' from project 'Strand')
    cd /tmp/noop-audit-p0-settings-whoop-20260816
    

SwiftCompile normal arm64 /tmp/noop-audit-p0-settings-whoop-20260816/Strand/BLE/BackfillPolicy.swift (in target 'NOOPiOS' from project 'Strand')
    cd /tmp/noop-audit-p0-settings-whoop-20260816
    

SwiftCompile normal arm64 /tmp/noop-audit-p0-settings-whoop-20260816/Strand/Collect/Backfiller.swift (in target 'NOOPiOS' from project 'Strand')
    cd /tmp/noop-audit-p0-settings-whoop-20260816
    

SwiftCompile normal arm64 /tmp/noop-audit-p0-settings-whoop-20260816/Strand/Data/BackupSync.swift (in target 'NOOPiOS' from project 'Strand')
    cd /tmp/noop-audit-p0-settings-whoop-20260816
    

SwiftCompile normal arm64 /tmp/noop-audit-p0-settings-whoop-20260816/Strand/Screens/BackupSyncView.swift (in target 'NOOPiOS' from project 'Strand')
    cd /tmp/noop-audit-p0-settings-whoop-20260816
    

SwiftCompile normal arm64 /tmp/noop-audit-p0-settings-whoop-20260816/Strand/System/BatteryNotifier.swift (in target 'NOOPiOS' from project 'Strand')
    cd /tmp/noop-audit-p0-settings-whoop-20260816
    

SwiftEmitModule normal arm64 Emitting\ module\ for\ NOOP (in target 'NOOPiOS' from project 'Strand')

EmitSwiftModule normal arm64 (in target 'NOOPiOS' from project 'Strand')
    cd /tmp/noop-audit-p0-settings-whoop-20260816
    

SwiftCompile normal arm64 Compiling\ DebugDataDiagnostics+Recovery.swift,\ DebugDataDiagnostics.swift,\ DemoDayHarness.swift,\ DesignLabAtomGallery.swift,\ DeviceActions.swift,\ DeviceCommandCenterLiveSnapshot.swift,\ DeviceCommandCenterStatus.swift,\ DeviceRegistry.swift,\ DevicesView.swift,\ DisplayPerformanceMonitor.swift,\ DisplayScreenshot.swift,\ DocumentPicker.swift,\ DonationNudgeCard.swift,\ ExactDayAnalysisIntegration.swift,\ ExperimentalBrand.swift,\ ExternalPublicationWorker.swift,\ FTMSSource.swift,\ FileExport.swift,\ FitnessAgeDetailView.swift,\ FrameRouter.swift,\ FullDayChartView.swift,\ FusedRecordView.swift,\ GarminBroadcast.swift,\ Gemini.swift /tmp/noop-audit-p0-settings-whoop-20260816/Strand/System/DebugDataDiagnostics+Recovery.swift /tmp/noop-audit-p0-settings-whoop-20260816/Strand/System/DebugDataDiagnostics.swift /tmp/noop-audit-p0-settings-whoop-20260816/Strand/Data/DemoDayHarness.swift /tmp/noop-audit-p0-settings-whoop-20260816/StrandiOS/App/DesignLabAtomGallery.swift /tmp/noop-audit-p0-settings-whoop-20260816/Strand/System/DeviceActions.swift /tmp/noop-audit-p0-settings-whoop-20260816/Strand/Screens/DeviceCommandCenterLiveSnapshot.swift /tmp/noop-audit-p0-settings-whoop-20260816/Strand/Screens/DeviceCommandCenterStatus.swift /tmp/noop-audit-p0-settings-whoop-20260816/Strand/Data/DeviceRegistry.swift /tmp/noop-audit-p0-settings-whoop-20260816/Strand/Screens/DevicesView.swift /tmp/noop-audit-p0-settings-whoop-20260816/Strand/System/DisplayPerformanceMonitor.swift /tmp/noop-audit-p0-settings-whoop-20260816/Strand/System/DisplayScreenshot.swift /tmp/noop-audit-p0-settings-whoop-20260816/Strand/System/DocumentPicker.swift /tmp/noop-audit-p0-settings-whoop-20260816/Strand/Screens/DonationNudgeCard.swift /tmp/noop-audit-p0-settings-whoop-20260816/Strand/Data/ExactDayAnalysisIntegration.swift /tmp/noop-audit-p0-settings-whoop-20260816/Strand/BLE/ExperimentalBrand.swift /tmp/noop-audit-p0-settings-whoop-20260816/Strand/App/ExternalPublicationWorker.swift /tmp/noop-audit-p0-settings-whoop-20260816/Strand/BLE/FTMSSource.swift /tmp/noop-audit-p0-settings-whoop-20260816/Strand/System/FileExport.swift /tmp/noop-audit-p0-settings-whoop-20260816/Strand/Screens/FitnessAgeDetailView.swift /tmp/noop-audit-p0-settings-whoop-20260816/Strand/BLE/FrameRouter.swift /tmp/noop-audit-p0-settings-whoop-20260816/Strand/Screens/FullDayChartView.swift /tmp/noop-audit-p0-settings-whoop-20260816/Strand/Screens/FusedRecordView.swift /tmp/noop-audit-p0-settings-whoop-20260816/Strand/BLE/GarminBroadcast.swift /tmp/noop-audit-p0-settings-whoop-20260816/Strand/AI/Providers/Gemini.swift (in target 'NOOPiOS' from project 'Strand')

SwiftCompile normal arm64 /tmp/noop-audit-p0-settings-whoop-20260816/Strand/System/DebugDataDiagnostics+Recovery.swift (in target 'NOOPiOS' from project 'Strand')
    cd /tmp/noop-audit-p0-settings-whoop-20260816
    

SwiftCompile normal arm64 /tmp/noop-audit-p0-settings-whoop-20260816/Strand/System/DebugDataDiagnostics.swift (in target 'NOOPiOS' from project 'Strand')
    cd /tmp/noop-audit-p0-settings-whoop-20260816
    

SwiftCompile normal arm64 /tmp/noop-audit-p0-settings-whoop-20260816/Strand/Data/DemoDayHarness.swift (in target 'NOOPiOS' from project 'Strand')
    cd /tmp/noop-audit-p0-settings-whoop-20260816
    

SwiftCompile normal arm64 /tmp/noop-audit-p0-settings-whoop-20260816/StrandiOS/App/DesignLabAtomGallery.swift (in target 'NOOPiOS' from project 'Strand')
    cd /tmp/noop-audit-p0-settings-whoop-20260816
    

SwiftCompile normal arm64 /tmp/noop-audit-p0-settings-whoop-20260816/Strand/System/DeviceActions.swift (in target 'NOOPiOS' from project 'Strand')
    cd /tmp/noop-audit-p0-settings-whoop-20260816
    

SwiftCompile normal arm64 /tmp/noop-audit-p0-settings-whoop-20260816/Strand/Screens/DeviceCommandCenterLiveSnapshot.swift (in target 'NOOPiOS' from project 'Strand')
    cd /tmp/noop-audit-p0-settings-whoop-20260816
    

SwiftCompile normal arm64 /tmp/noop-audit-p0-settings-whoop-20260816/Strand/Screens/DeviceCommandCenterStatus.swift (in target 'NOOPiOS' from project 'Strand')
    cd /tmp/noop-audit-p0-settings-whoop-20260816
    

SwiftCompile normal arm64 /tmp/noop-audit-p0-settings-whoop-20260816/Strand/Data/DeviceRegistry.swift (in target 'NOOPiOS' from project 'Strand')
    cd /tmp/noop-audit-p0-settings-whoop-20260816
    

SwiftCompile normal arm64 /tmp/noop-audit-p0-settings-whoop-20260816/Strand/Screens/DevicesView.swift (in target 'NOOPiOS' from project 'Strand')
    cd /tmp/noop-audit-p0-settings-whoop-20260816
    

SwiftCompile normal arm64 /tmp/noop-audit-p0-settings-whoop-20260816/Strand/System/DisplayPerformanceMonitor.swift (in target 'NOOPiOS' from project 'Strand')
    cd /tmp/noop-audit-p0-settings-whoop-20260816
    

SwiftCompile normal arm64 /tmp/noop-audit-p0-settings-whoop-20260816/Strand/System/DisplayScreenshot.swift (in target 'NOOPiOS' from project 'Strand')
    cd /tmp/noop-audit-p0-settings-whoop-20260816
    

SwiftCompile normal arm64 /tmp/noop-audit-p0-settings-whoop-20260816/Strand/System/DocumentPicker.swift (in target 'NOOPiOS' from project 'Strand')
    cd /tmp/noop-audit-p0-settings-whoop-20260816
    

SwiftCompile normal arm64 /tmp/noop-audit-p0-settings-whoop-20260816/Strand/Screens/DonationNudgeCard.swift (in target 'NOOPiOS' from project 'Strand')
    cd /tmp/noop-audit-p0-settings-whoop-20260816
    

SwiftCompile normal arm64 /tmp/noop-audit-p0-settings-whoop-20260816/Strand/Data/ExactDayAnalysisIntegration.swift (in target 'NOOPiOS' from project 'Strand')
    cd /tmp/noop-audit-p0-settings-whoop-20260816
    

SwiftCompile normal arm64 /tmp/noop-audit-p0-settings-whoop-20260816/Strand/BLE/ExperimentalBrand.swift (in target 'NOOPiOS' from project 'Strand')
    cd /tmp/noop-audit-p0-settings-whoop-20260816
    

SwiftCompile normal arm64 /tmp/noop-audit-p0-settings-whoop-20260816/Strand/App/ExternalPublicationWorker.swift (in target 'NOOPiOS' from project 'Strand')
    cd /tmp/noop-audit-p0-settings-whoop-20260816
    

SwiftCompile normal arm64 /tmp/noop-audit-p0-settings-whoop-20260816/Strand/BLE/FTMSSource.swift (in target 'NOOPiOS' from project 'Strand')
    cd /tmp/noop-audit-p0-settings-whoop-20260816
    

SwiftCompile normal arm64 /tmp/noop-audit-p0-settings-whoop-20260816/Strand/System/FileExport.swift (in target 'NOOPiOS' from project 'Strand')
    cd /tmp/noop-audit-p0-settings-whoop-20260816
    

SwiftCompile normal arm64 /tmp/noop-audit-p0-settings-whoop-20260816/Strand/Screens/FitnessAgeDetailView.swift (in target 'NOOPiOS' from project 'Strand')
    cd /tmp/noop-audit-p0-settings-whoop-20260816
    

SwiftCompile normal arm64 /tmp/noop-audit-p0-settings-whoop-20260816/Strand/BLE/FrameRouter.swift (in target 'NOOPiOS' from project 'Strand')
    cd /tmp/noop-audit-p0-settings-whoop-20260816
    

SwiftCompile normal arm64 /tmp/noop-audit-p0-settings-whoop-20260816/Strand/Screens/FullDayChartView.swift (in target 'NOOPiOS' from project 'Strand')
    cd /tmp/noop-audit-p0-settings-whoop-20260816
    

SwiftCompile normal arm64 /tmp/noop-audit-p0-settings-whoop-20260816/Strand/Screens/FusedRecordView.swift (in target 'NOOPiOS' from project 'Strand')
    cd /tmp/noop-audit-p0-settings-whoop-20260816
    

SwiftCompile normal arm64 /tmp/noop-audit-p0-settings-whoop-20260816/Strand/BLE/GarminBroadcast.swift (in target 'NOOPiOS' from project 'Strand')
    cd /tmp/noop-audit-p0-settings-whoop-20260816
    

SwiftCompile normal arm64 /tmp/noop-audit-p0-settings-whoop-20260816/Strand/AI/Providers/Gemini.swift (in target 'NOOPiOS' from project 'Strand')
    cd /tmp/noop-audit-p0-settings-whoop-20260816
    

SwiftCompile normal arm64 Compiling\ TodayLayoutPrefs.swift,\ TodaySnapshotPresentationPatch.swift,\ TodayView.swift,\ TodayWorkoutsView.swift,\ TrendPointExtremaSampler.swift,\ TrendsLoadIdentity.swift,\ TrendsLoadedData.swift,\ TrendsReportRenderer.swift,\ TrendsReportView.swift,\ TrendsSnapshotModels.swift,\ TrendsView+Preview.swift,\ TrendsView+SelectedRange.swift,\ TrendsView+WeeklyReview.swift,\ TrendsView.swift,\ Units.swift,\ UpdateChecker.swift,\ UpdateStore.swift,\ UpdatesInboxView.swift,\ V5PillarHosts.swift,\ VerifiedExternalSurfaceIntegration.swift,\ VerifiedHealthProjectionBuilder.swift,\ VerifiedProjectionGenerationStore.swift,\ VerifiedSinkBootstrapPolicy.swift,\ VerifiedSinkLifecycle.swift /tmp/noop-audit-p0-settings-whoop-20260816/Strand/Data/TodayLayoutPrefs.swift /tmp/noop-audit-p0-settings-whoop-20260816/Strand/Data/TodaySnapshotPresentationPatch.swift /tmp/noop-audit-p0-settings-whoop-20260816/Strand/Screens/TodayView.swift /tmp/noop-audit-p0-settings-whoop-20260816/Strand/Screens/TodayWorkoutsView.swift /tmp/noop-audit-p0-settings-whoop-20260816/Strand/Data/TrendPointExtremaSampler.swift /tmp/noop-audit-p0-settings-whoop-20260816/Strand/Data/TrendsLoadIdentity.swift /tmp/noop-audit-p0-settings-whoop-20260816/Strand/Data/TrendsLoadedData.swift /tmp/noop-audit-p0-settings-whoop-20260816/Strand/System/TrendsReportRenderer.swift /tmp/noop-audit-p0-settings-whoop-20260816/Strand/Screens/TrendsReportView.swift /tmp/noop-audit-p0-settings-whoop-20260816/Strand/Screens/TrendsSnapshotModels.swift /tmp/noop-audit-p0-settings-whoop-20260816/Strand/Screens/TrendsView+Preview.swift /tmp/noop-audit-p0-settings-whoop-20260816/Strand/Screens/TrendsView+SelectedRange.swift /tmp/noop-audit-p0-settings-whoop-20260816/Strand/Screens/TrendsView+WeeklyReview.swift /tmp/noop-audit-p0-settings-whoop-20260816/Strand/Screens/TrendsView.swift /tmp/noop-audit-p0-settings-whoop-20260816/Strand/Data/Units.swift /tmp/noop-audit-p0-settings-whoop-20260816/Strand/System/UpdateChecker.swift /tmp/noop-audit-p0-settings-whoop-20260816/Strand/Data/UpdateStore.swift /tmp/noop-audit-p0-settings-whoop-20260816/Strand/Screens/UpdatesInboxView.swift /tmp/noop-audit-p0-settings-whoop-20260816/Strand/Screens/V5PillarHosts.swift /tmp/noop-audit-p0-settings-whoop-20260816/StrandiOS/App/VerifiedExternalSurfaceIntegration.swift /tmp/noop-audit-p0-settings-whoop-20260816/Strand/Data/VerifiedHealthProjectionBuilder.swift /tmp/noop-audit-p0-settings-whoop-20260816/StrandiOSShared/VerifiedProjectionGenerationStore.swift /tmp/noop-audit-p0-settings-whoop-20260816/StrandiOSShared/VerifiedSinkBootstrapPolicy.swift /tmp/noop-audit-p0-settings-whoop-20260816/StrandiOSShared/VerifiedSinkLifecycle.swift (in target 'NOOPiOS' from project 'Strand')

SwiftCompile normal arm64 /tmp/noop-audit-p0-settings-whoop-20260816/Strand/Data/TodayLayoutPrefs.swift (in target 'NOOPiOS' from project 'Strand')
    cd /tmp/noop-audit-p0-settings-whoop-20260816
    

SwiftCompile normal arm64 /tmp/noop-audit-p0-settings-whoop-20260816/Strand/Data/TodaySnapshotPresentationPatch.swift (in target 'NOOPiOS' from project 'Strand')
    cd /tmp/noop-audit-p0-settings-whoop-20260816
    

SwiftCompile normal arm64 /tmp/noop-audit-p0-settings-whoop-20260816/Strand/Screens/TodayView.swift (in target 'NOOPiOS' from project 'Strand')
    cd /tmp/noop-audit-p0-settings-whoop-20260816
    

SwiftCompile normal arm64 /tmp/noop-audit-p0-settings-whoop-20260816/Strand/Screens/TodayWorkoutsView.swift (in target 'NOOPiOS' from project 'Strand')
    cd /tmp/noop-audit-p0-settings-whoop-20260816
    

SwiftCompile normal arm64 /tmp/noop-audit-p0-settings-whoop-20260816/Strand/Data/TrendPointExtremaSampler.swift (in target 'NOOPiOS' from project 'Strand')
    cd /tmp/noop-audit-p0-settings-whoop-20260816
    

SwiftCompile normal arm64 /tmp/noop-audit-p0-settings-whoop-20260816/Strand/Data/TrendsLoadIdentity.swift (in target 'NOOPiOS' from project 'Strand')
    cd /tmp/noop-audit-p0-settings-whoop-20260816
    

SwiftCompile normal arm64 /tmp/noop-audit-p0-settings-whoop-20260816/Strand/Data/TrendsLoadedData.swift (in target 'NOOPiOS' from project 'Strand')
    cd /tmp/noop-audit-p0-settings-whoop-20260816
    

SwiftCompile normal arm64 /tmp/noop-audit-p0-settings-whoop-20260816/Strand/System/TrendsReportRenderer.swift (in target 'NOOPiOS' from project 'Strand')
    cd /tmp/noop-audit-p0-settings-whoop-20260816
    

SwiftCompile normal arm64 /tmp/noop-audit-p0-settings-whoop-20260816/Strand/Screens/TrendsReportView.swift (in target 'NOOPiOS' from project 'Strand')
    cd /tmp/noop-audit-p0-settings-whoop-20260816
    

SwiftCompile normal arm64 /tmp/noop-audit-p0-settings-whoop-20260816/Strand/Screens/TrendsSnapshotModels.swift (in target 'NOOPiOS' from project 'Strand')
    cd /tmp/noop-audit-p0-settings-whoop-20260816
    

SwiftCompile normal arm64 /tmp/noop-audit-p0-settings-whoop-20260816/Strand/Screens/TrendsView+Preview.swift (in target 'NOOPiOS' from project 'Strand')
    cd /tmp/noop-audit-p0-settings-whoop-20260816
    

SwiftCompile normal arm64 /tmp/noop-audit-p0-settings-whoop-20260816/Strand/Screens/TrendsView+SelectedRange.swift (in target 'NOOPiOS' from project 'Strand')
    cd /tmp/noop-audit-p0-settings-whoop-20260816
    

SwiftCompile normal arm64 /tmp/noop-audit-p0-settings-whoop-20260816/Strand/Screens/TrendsView+WeeklyReview.swift (in target 'NOOPiOS' from project 'Strand')
    cd /tmp/noop-audit-p0-settings-whoop-20260816
    

SwiftCompile normal arm64 /tmp/noop-audit-p0-settings-whoop-20260816/Strand/Screens/TrendsView.swift (in target 'NOOPiOS' from project 'Strand')
    cd /tmp/noop-audit-p0-settings-whoop-20260816
    

SwiftCompile normal arm64 /tmp/noop-audit-p0-settings-whoop-20260816/Strand/Data/Units.swift (in target 'NOOPiOS' from project 'Strand')
    cd /tmp/noop-audit-p0-settings-whoop-20260816
    

SwiftCompile normal arm64 /tmp/noop-audit-p0-settings-whoop-20260816/Strand/System/UpdateChecker.swift (in target 'NOOPiOS' from project 'Strand')
    cd /tmp/noop-audit-p0-settings-whoop-20260816
    

SwiftCompile normal arm64 /tmp/noop-audit-p0-settings-whoop-20260816/Strand/Data/UpdateStore.swift (in target 'NOOPiOS' from project 'Strand')
    cd /tmp/noop-audit-p0-settings-whoop-20260816
    

SwiftCompile normal arm64 /tmp/noop-audit-p0-settings-whoop-20260816/Strand/Screens/UpdatesInboxView.swift (in target 'NOOPiOS' from project 'Strand')
    cd /tmp/noop-audit-p0-settings-whoop-20260816
    

SwiftCompile normal arm64 /tmp/noop-audit-p0-settings-whoop-20260816/Strand/Screens/V5PillarHosts.swift (in target 'NOOPiOS' from project 'Strand')
    cd /tmp/noop-audit-p0-settings-whoop-20260816
    

SwiftCompile normal arm64 /tmp/noop-audit-p0-settings-whoop-20260816/StrandiOS/App/VerifiedExternalSurfaceIntegration.swift (in target 'NOOPiOS' from project 'Strand')
    cd /tmp/noop-audit-p0-settings-whoop-20260816
    

SwiftCompile normal arm64 /tmp/noop-audit-p0-settings-whoop-20260816/Strand/Data/VerifiedHealthProjectionBuilder.swift (in target 'NOOPiOS' from project 'Strand')
    cd /tmp/noop-audit-p0-settings-whoop-20260816
    

SwiftCompile normal arm64 /tmp/noop-audit-p0-settings-whoop-20260816/StrandiOSShared/VerifiedProjectionGenerationStore.swift (in target 'NOOPiOS' from project 'Strand')
    cd /tmp/noop-audit-p0-settings-whoop-20260816
    

SwiftCompile normal arm64 /tmp/noop-audit-p0-settings-whoop-20260816/StrandiOSShared/VerifiedSinkBootstrapPolicy.swift (in target 'NOOPiOS' from project 'Strand')
    cd /tmp/noop-audit-p0-settings-whoop-20260816
    

SwiftCompile normal arm64 /tmp/noop-audit-p0-settings-whoop-20260816/StrandiOSShared/VerifiedSinkLifecycle.swift (in target 'NOOPiOS' from project 'Strand')
    cd /tmp/noop-audit-p0-settings-whoop-20260816
    

SwiftCompile normal arm64 Compiling\ VerifiedTodaySnapshotCommit.swift,\ VitalSignsSummary.swift,\ WearableImporter.swift,\ WeeklyDigestView.swift,\ WhatsNewView.swift,\ WhoopImporter.swift,\ WhoopModel.swift,\ WidgetEnrichmentCoordinator.swift,\ WidgetPublish.swift,\ WidgetSnapshot.swift,\ WidgetVerifiedEnvelope.swift,\ WiggleEffect.swift,\ WindDownNudge.swift,\ WorkoutCatalog.swift,\ WorkoutDetailView.swift,\ WorkoutHeartChartProjection.swift,\ WorkoutHeartRateRecoveryCard.swift,\ WorkoutLiveProjectionCache.swift,\ WorkoutSource.swift,\ WorkoutZones.swift,\ WorkoutsView.swift,\ XiaomiBandView.swift,\ XiaomiImporter.swift,\ GeneratedAssetSymbols.swift /tmp/noop-audit-p0-settings-whoop-20260816/Strand/Data/VerifiedTodaySnapshotCommit.swift /tmp/noop-audit-p0-settings-whoop-20260816/Strand/Screens/VitalSignsSummary.swift /tmp/noop-audit-p0-settings-whoop-20260816/Strand/Data/WearableImporter.swift /tmp/noop-audit-p0-settings-whoop-20260816/Strand/Screens/WeeklyDigestView.swift /tmp/noop-audit-p0-settings-whoop-20260816/Strand/Screens/WhatsNewView.swift /tmp/noop-audit-p0-settings-whoop-20260816/Strand/Data/WhoopImporter.swift /tmp/noop-audit-p0-settings-whoop-20260816/Strand/BLE/WhoopModel.swift /tmp/noop-audit-p0-settings-whoop-20260816/StrandiOS/Widgets/WidgetEnrichmentCoordinator.swift /tmp/noop-audit-p0-settings-whoop-20260816/StrandiOS/Widgets/WidgetPublish.swift /tmp/noop-audit-p0-settings-whoop-20260816/StrandiOSShared/WidgetSnapshot.swift /tmp/noop-audit-p0-settings-whoop-20260816/StrandiOSShared/WidgetVerifiedEnvelope.swift /tmp/noop-audit-p0-settings-whoop-20260816/Strand/System/WiggleEffect.swift /tmp/noop-audit-p0-settings-whoop-20260816/Strand/System/WindDownNudge.swift /tmp/noop-audit-p0-settings-whoop-20260816/Strand/Data/WorkoutCatalog.swift /tmp/noop-audit-p0-settings-whoop-20260816/Strand/Screens/WorkoutDetailView.swift /tmp/noop-audit-p0-settings-whoop-20260816/Strand/Data/WorkoutHeartChartProjection.swift /tmp/noop-audit-p0-settings-whoop-20260816/Strand/Screens/WorkoutHeartRateRecoveryCard.swift /tmp/noop-audit-p0-settings-whoop-20260816/StrandiOS/Widgets/WorkoutLiveProjectionCache.swift /tmp/noop-audit-p0-settings-whoop-20260816/Strand/Data/WorkoutSource.swift /tmp/noop-audit-p0-settings-whoop-20260816/Strand/Data/WorkoutZones.swift /tmp/noop-audit-p0-settings-whoop-20260816/Strand/Screens/WorkoutsView.swift /tmp/noop-audit-p0-settings-whoop-20260816/Strand/Screens/XiaomiBandView.swift /tmp/noop-audit-p0-settings-whoop-20260816/Strand/Data/XiaomiImporter.swift /tmp/noop-audit-p0-settings-whoop-20260816/DerivedData/Build/Intermediates.noindex/Strand.build/Debug-iphonesimulator/NOOPiOS.build/DerivedSources/GeneratedAssetSymbols.swift (in target 'NOOPiOS' from project 'Strand')

SwiftCompile normal arm64 /tmp/noop-audit-p0-settings-whoop-20260816/Strand/Data/VerifiedTodaySnapshotCommit.swift (in target 'NOOPiOS' from project 'Strand')
    cd /tmp/noop-audit-p0-settings-whoop-20260816
    

SwiftCompile normal arm64 /tmp/noop-audit-p0-settings-whoop-20260816/Strand/Screens/VitalSignsSummary.swift (in target 'NOOPiOS' from project 'Strand')
    cd /tmp/noop-audit-p0-settings-whoop-20260816
    

SwiftCompile normal arm64 /tmp/noop-audit-p0-settings-whoop-20260816/Strand/Data/WearableImporter.swift (in target 'NOOPiOS' from project 'Strand')
    cd /tmp/noop-audit-p0-settings-whoop-20260816
    

SwiftCompile normal arm64 /tmp/noop-audit-p0-settings-whoop-20260816/Strand/Screens/WeeklyDigestView.swift (in target 'NOOPiOS' from project 'Strand')
    cd /tmp/noop-audit-p0-settings-whoop-20260816
    

SwiftCompile normal arm64 /tmp/noop-audit-p0-settings-whoop-20260816/Strand/Screens/WhatsNewView.swift (in target 'NOOPiOS' from project 'Strand')
    cd /tmp/noop-audit-p0-settings-whoop-20260816
    

SwiftCompile normal arm64 /tmp/noop-audit-p0-settings-whoop-20260816/Strand/Data/WhoopImporter.swift (in target 'NOOPiOS' from project 'Strand')
    cd /tmp/noop-audit-p0-settings-whoop-20260816
    

SwiftCompile normal arm64 /tmp/noop-audit-p0-settings-whoop-20260816/Strand/BLE/WhoopModel.swift (in target 'NOOPiOS' from project 'Strand')
    cd /tmp/noop-audit-p0-settings-whoop-20260816
    

SwiftCompile normal arm64 /tmp/noop-audit-p0-settings-whoop-20260816/StrandiOS/Widgets/WidgetEnrichmentCoordinator.swift (in target 'NOOPiOS' from project 'Strand')
    cd /tmp/noop-audit-p0-settings-whoop-20260816
    

SwiftCompile normal arm64 /tmp/noop-audit-p0-settings-whoop-20260816/StrandiOS/Widgets/WidgetPublish.swift (in target 'NOOPiOS' from project 'Strand')
    cd /tmp/noop-audit-p0-settings-whoop-20260816
    

SwiftCompile normal arm64 /tmp/noop-audit-p0-settings-whoop-20260816/StrandiOSShared/WidgetSnapshot.swift (in target 'NOOPiOS' from project 'Strand')
    cd /tmp/noop-audit-p0-settings-whoop-20260816
    

SwiftCompile normal arm64 /tmp/noop-audit-p0-settings-whoop-20260816/StrandiOSShared/WidgetVerifiedEnvelope.swift (in target 'NOOPiOS' from project 'Strand')
    cd /tmp/noop-audit-p0-settings-whoop-20260816
    

SwiftCompile normal arm64 /tmp/noop-audit-p0-settings-whoop-20260816/Strand/System/WiggleEffect.swift (in target 'NOOPiOS' from project 'Strand')
    cd /tmp/noop-audit-p0-settings-whoop-20260816
    

SwiftCompile normal arm64 /tmp/noop-audit-p0-settings-whoop-20260816/Strand/System/WindDownNudge.swift (in target 'NOOPiOS' from project 'Strand')
    cd /tmp/noop-audit-p0-settings-whoop-20260816
    

SwiftCompile normal arm64 /tmp/noop-audit-p0-settings-whoop-20260816/Strand/Data/WorkoutCatalog.swift (in target 'NOOPiOS' from project 'Strand')
    cd /tmp/noop-audit-p0-settings-whoop-20260816
    

SwiftCompile normal arm64 /tmp/noop-audit-p0-settings-whoop-20260816/Strand/Screens/WorkoutDetailView.swift (in target 'NOOPiOS' from project 'Strand')
    cd /tmp/noop-audit-p0-settings-whoop-20260816
    

SwiftCompile normal arm64 /tmp/noop-audit-p0-settings-whoop-20260816/Strand/Data/WorkoutHeartChartProjection.swift (in target 'NOOPiOS' from project 'Strand')
    cd /tmp/noop-audit-p0-settings-whoop-20260816
    

SwiftCompile normal arm64 /tmp/noop-audit-p0-settings-whoop-20260816/Strand/Screens/WorkoutHeartRateRecoveryCard.swift (in target 'NOOPiOS' from project 'Strand')
    cd /tmp/noop-audit-p0-settings-whoop-20260816
    

SwiftCompile normal arm64 /tmp/noop-audit-p0-settings-whoop-20260816/StrandiOS/Widgets/WorkoutLiveProjectionCache.swift (in target 'NOOPiOS' from project 'Strand')
    cd /tmp/noop-audit-p0-settings-whoop-20260816
    

SwiftCompile normal arm64 /tmp/noop-audit-p0-settings-whoop-20260816/Strand/Data/WorkoutSource.swift (in target 'NOOPiOS' from project 'Strand')
    cd /tmp/noop-audit-p0-settings-whoop-20260816
    

SwiftCompile normal arm64 /tmp/noop-audit-p0-settings-whoop-20260816/Strand/Data/WorkoutZones.swift (in target 'NOOPiOS' from project 'Strand')
    cd /tmp/noop-audit-p0-settings-whoop-20260816
    

SwiftCompile normal arm64 /tmp/noop-audit-p0-settings-whoop-20260816/Strand/Screens/WorkoutsView.swift (in target 'NOOPiOS' from project 'Strand')
    cd /tmp/noop-audit-p0-settings-whoop-20260816
    

SwiftCompile normal arm64 /tmp/noop-audit-p0-settings-whoop-20260816/Strand/Screens/XiaomiBandView.swift (in target 'NOOPiOS' from project 'Strand')
    cd /tmp/noop-audit-p0-settings-whoop-20260816
    

SwiftCompile normal arm64 /tmp/noop-audit-p0-settings-whoop-20260816/Strand/Data/XiaomiImporter.swift (in target 'NOOPiOS' from project 'Strand')
    cd /tmp/noop-audit-p0-settings-whoop-20260816
    

SwiftCompile normal arm64 /tmp/noop-audit-p0-settings-whoop-20260816/DerivedData/Build/Intermediates.noindex/Strand.build/Debug-iphonesimulator/NOOPiOS.build/DerivedSources/GeneratedAssetSymbols.swift (in target 'NOOPiOS' from project 'Strand')
    cd /tmp/noop-audit-p0-settings-whoop-20260816
    

SwiftCompile normal arm64 Compiling\ NotificationPresenter.swift,\ OnboardingWizard.swift,\ OpenAI.swift,\ OuraLiveSource.swift,\ PR28HistoricalPipelineErrors.swift,\ PaperDataPrimitives.swift,\ PaperOperationFeedback.swift,\ Platform.swift,\ Profile.swift,\ ProfileAvatarView.swift,\ PuffinDeepBufferLog.swift,\ PuffinEventLog.swift,\ PuffinExperiment.swift,\ PuffinFrameRecorder.swift,\ RawHistoryArchive.swift,\ RecentSportsPrefs.swift,\ ReportReviewGate.swift,\ Repository+HeartRateRecovery.swift,\ Repository+SleepRecovery.swift,\ Repository.swift,\ RepositoryAtomicHistoricalPublication.swift,\ RepositoryExactAuthoritativeMerge.swift,\ RepositoryHistoricalHealthKitPayloadBuilder.swift,\ RepositoryHistoricalSnapshotWindows.swift /tmp/noop-audit-p0-settings-whoop-20260816/Strand/System/NotificationPresenter.swift /tmp/noop-audit-p0-settings-whoop-20260816/Strand/Onboarding/OnboardingWizard.swift /tmp/noop-audit-p0-settings-whoop-20260816/Strand/AI/Providers/OpenAI.swift /tmp/noop-audit-p0-settings-whoop-20260816/Strand/BLE/OuraLiveSource.swift /tmp/noop-audit-p0-settings-whoop-20260816/Strand/App/PR28HistoricalPipelineErrors.swift /tmp/noop-audit-p0-settings-whoop-20260816/Strand/Screens/PaperDataPrimitives.swift /tmp/noop-audit-p0-settings-whoop-20260816/Strand/Screens/PaperOperationFeedback.swift /tmp/noop-audit-p0-settings-whoop-20260816/Strand/System/Platform.swift /tmp/noop-audit-p0-settings-whoop-20260816/Strand/Data/Profile.swift /tmp/noop-audit-p0-settings-whoop-20260816/Strand/Screens/ProfileAvatarView.swift /tmp/noop-audit-p0-settings-whoop-20260816/Strand/BLE/PuffinDeepBufferLog.swift /tmp/noop-audit-p0-settings-whoop-20260816/Strand/BLE/PuffinEventLog.swift /tmp/noop-audit-p0-settings-whoop-20260816/Strand/BLE/PuffinExperiment.swift /tmp/noop-audit-p0-settings-whoop-20260816/Strand/BLE/PuffinFrameRecorder.swift /tmp/noop-audit-p0-settings-whoop-20260816/Strand/Collect/RawHistoryArchive.swift /tmp/noop-audit-p0-settings-whoop-20260816/Strand/Data/RecentSportsPrefs.swift /tmp/noop-audit-p0-settings-whoop-20260816/Strand/System/ReportReviewGate.swift /tmp/noop-audit-p0-settings-whoop-20260816/Strand/Data/Repository+HeartRateRecovery.swift /tmp/noop-audit-p0-settings-whoop-20260816/Strand/Data/Repository+SleepRecovery.swift /tmp/noop-audit-p0-settings-whoop-20260816/Strand/Data/Repository.swift /tmp/noop-audit-p0-settings-whoop-20260816/Strand/Data/RepositoryAtomicHistoricalPublication.swift /tmp/noop-audit-p0-settings-whoop-20260816/Strand/Data/RepositoryExactAuthoritativeMerge.swift /tmp/noop-audit-p0-settings-whoop-20260816/Strand/Data/RepositoryHistoricalHealthKitPayloadBuilder.swift /tmp/noop-audit-p0-settings-whoop-20260816/Strand/Data/RepositoryHistoricalSnapshotWindows.swift (in target 'NOOPiOS' from project 'Strand')

SwiftCompile normal arm64 /tmp/noop-audit-p0-settings-whoop-20260816/Strand/System/NotificationPresenter.swift (in target 'NOOPiOS' from project 'Strand')
    cd /tmp/noop-audit-p0-settings-whoop-20260816
    

SwiftCompile normal arm64 /tmp/noop-audit-p0-settings-whoop-20260816/Strand/Onboarding/OnboardingWizard.swift (in target 'NOOPiOS' from project 'Strand')
    cd /tmp/noop-audit-p0-settings-whoop-20260816
    

SwiftCompile normal arm64 /tmp/noop-audit-p0-settings-whoop-20260816/Strand/AI/Providers/OpenAI.swift (in target 'NOOPiOS' from project 'Strand')
    cd /tmp/noop-audit-p0-settings-whoop-20260816
    

SwiftCompile normal arm64 /tmp/noop-audit-p0-settings-whoop-20260816/Strand/BLE/OuraLiveSource.swift (in target 'NOOPiOS' from project 'Strand')
    cd /tmp/noop-audit-p0-settings-whoop-20260816
    

SwiftCompile normal arm64 /tmp/noop-audit-p0-settings-whoop-20260816/Strand/App/PR28HistoricalPipelineErrors.swift (in target 'NOOPiOS' from project 'Strand')
    cd /tmp/noop-audit-p0-settings-whoop-20260816
    

SwiftCompile normal arm64 /tmp/noop-audit-p0-settings-whoop-20260816/Strand/Screens/PaperDataPrimitives.swift (in target 'NOOPiOS' from project 'Strand')
    cd /tmp/noop-audit-p0-settings-whoop-20260816
    

SwiftCompile normal arm64 /tmp/noop-audit-p0-settings-whoop-20260816/Strand/Screens/PaperOperationFeedback.swift (in target 'NOOPiOS' from project 'Strand')
    cd /tmp/noop-audit-p0-settings-whoop-20260816
    

SwiftCompile normal arm64 /tmp/noop-audit-p0-settings-whoop-20260816/Strand/System/Platform.swift (in target 'NOOPiOS' from project 'Strand')
    cd /tmp/noop-audit-p0-settings-whoop-20260816
    

SwiftCompile normal arm64 /tmp/noop-audit-p0-settings-whoop-20260816/Strand/Data/Profile.swift (in target 'NOOPiOS' from project 'Strand')
    cd /tmp/noop-audit-p0-settings-whoop-20260816
    

SwiftCompile normal arm64 /tmp/noop-audit-p0-settings-whoop-20260816/Strand/Screens/ProfileAvatarView.swift (in target 'NOOPiOS' from project 'Strand')
    cd /tmp/noop-audit-p0-settings-whoop-20260816
    

SwiftCompile normal arm64 /tmp/noop-audit-p0-settings-whoop-20260816/Strand/BLE/PuffinDeepBufferLog.swift (in target 'NOOPiOS' from project 'Strand')
    cd /tmp/noop-audit-p0-settings-whoop-20260816
    

SwiftCompile normal arm64 /tmp/noop-audit-p0-settings-whoop-20260816/Strand/BLE/PuffinEventLog.swift (in target 'NOOPiOS' from project 'Strand')
    cd /tmp/noop-audit-p0-settings-whoop-20260816
    

SwiftCompile normal arm64 /tmp/noop-audit-p0-settings-whoop-20260816/Strand/BLE/PuffinExperiment.swift (in target 'NOOPiOS' from project 'Strand')
    cd /tmp/noop-audit-p0-settings-whoop-20260816
    

SwiftCompile normal arm64 /tmp/noop-audit-p0-settings-whoop-20260816/Strand/BLE/PuffinFrameRecorder.swift (in target 'NOOPiOS' from project 'Strand')
    cd /tmp/noop-audit-p0-settings-whoop-20260816
    

SwiftCompile normal arm64 /tmp/noop-audit-p0-settings-whoop-20260816/Strand/Collect/RawHistoryArchive.swift (in target 'NOOPiOS' from project 'Strand')
    cd /tmp/noop-audit-p0-settings-whoop-20260816
    

SwiftCompile normal arm64 /tmp/noop-audit-p0-settings-whoop-20260816/Strand/Data/RecentSportsPrefs.swift (in target 'NOOPiOS' from project 'Strand')
    cd /tmp/noop-audit-p0-settings-whoop-20260816
    

SwiftCompile normal arm64 /tmp/noop-audit-p0-settings-whoop-20260816/Strand/System/ReportReviewGate.swift (in target 'NOOPiOS' from project 'Strand')
    cd /tmp/noop-audit-p0-settings-whoop-20260816
    

SwiftCompile normal arm64 /tmp/noop-audit-p0-settings-whoop-20260816/Strand/Data/Repository+HeartRateRecovery.swift (in target 'NOOPiOS' from project 'Strand')
    cd /tmp/noop-audit-p0-settings-whoop-20260816
    

SwiftCompile normal arm64 /tmp/noop-audit-p0-settings-whoop-20260816/Strand/Data/Repository+SleepRecovery.swift (in target 'NOOPiOS' from project 'Strand')
    cd /tmp/noop-audit-p0-settings-whoop-20260816
    

SwiftCompile normal arm64 /tmp/noop-audit-p0-settings-whoop-20260816/Strand/Data/Repository.swift (in target 'NOOPiOS' from project 'Strand')
    cd /tmp/noop-audit-p0-settings-whoop-20260816
    

SwiftCompile normal arm64 /tmp/noop-audit-p0-settings-whoop-20260816/Strand/Data/RepositoryAtomicHistoricalPublication.swift (in target 'NOOPiOS' from project 'Strand')
    cd /tmp/noop-audit-p0-settings-whoop-20260816
    

SwiftCompile normal arm64 /tmp/noop-audit-p0-settings-whoop-20260816/Strand/Data/RepositoryExactAuthoritativeMerge.swift (in target 'NOOPiOS' from project 'Strand')
    cd /tmp/noop-audit-p0-settings-whoop-20260816
    

SwiftCompile normal arm64 /tmp/noop-audit-p0-settings-whoop-20260816/Strand/Data/RepositoryHistoricalHealthKitPayloadBuilder.swift (in target 'NOOPiOS' from project 'Strand')
    cd /tmp/noop-audit-p0-settings-whoop-20260816
    

SwiftCompile normal arm64 /tmp/noop-audit-p0-settings-whoop-20260816/Strand/Data/RepositoryHistoricalSnapshotWindows.swift (in target 'NOOPiOS' from project 'Strand')
    cd /tmp/noop-audit-p0-settings-whoop-20260816
    

SwiftCompile normal arm64 Compiling\ GpsWorkoutRecorder.swift,\ HRVSnapshotView.swift,\ HealthAlertBanner.swift,\ HealthKitBridge.swift,\ HealthKitSyncCoordinator.swift,\ HealthView.swift,\ HistoricalMigrationDriver.swift,\ HistoricalPipelineRuntime.swift,\ HowNoopWorksView.swift,\ HrBroadcaster.swift,\ HuamiHRSource.swift,\ HuamiHeartRate.swift,\ HydrationStore.swift,\ HydrationView.swift,\ IOSDiagnostics.swift,\ IOSVerifiedSinkLifecycle.swift,\ IllnessNotifier.swift,\ InsightsHubView.swift,\ InsightsView.swift,\ IntelligenceAnalysisCoordinator.swift,\ IntelligenceEngine.swift,\ IntelligenceRecoveryPersistenceReceipt.swift,\ IntelligenceView.swift,\ IntervalTimerView.swift /tmp/noop-audit-p0-settings-whoop-20260816/Strand/App/GpsWorkoutRecorder.swift /tmp/noop-audit-p0-settings-whoop-20260816/Strand/Screens/HRVSnapshotView.swift /tmp/noop-audit-p0-settings-whoop-20260816/Strand/Screens/HealthAlertBanner.swift /tmp/noop-audit-p0-settings-whoop-20260816/StrandiOS/Health/HealthKitBridge.swift /tmp/noop-audit-p0-settings-whoop-20260816/StrandiOS/Health/HealthKitSyncCoordinator.swift /tmp/noop-audit-p0-settings-whoop-20260816/Strand/Screens/HealthView.swift /tmp/noop-audit-p0-settings-whoop-20260816/Strand/Data/HistoricalMigrationDriver.swift /tmp/noop-audit-p0-settings-whoop-20260816/Strand/App/HistoricalPipelineRuntime.swift /tmp/noop-audit-p0-settings-whoop-20260816/Strand/Screens/HowNoopWorksView.swift /tmp/noop-audit-p0-settings-whoop-20260816/Strand/BLE/HrBroadcaster.swift /tmp/noop-audit-p0-settings-whoop-20260816/Strand/BLE/HuamiHRSource.swift /tmp/noop-audit-p0-settings-whoop-20260816/Strand/BLE/HuamiHeartRate.swift /tmp/noop-audit-p0-settings-whoop-20260816/Strand/Data/HydrationStore.swift /tmp/noop-audit-p0-settings-whoop-20260816/Strand/Screens/HydrationView.swift /tmp/noop-audit-p0-settings-whoop-20260816/Strand/System/IOSDiagnostics.swift /tmp/noop-audit-p0-settings-whoop-20260816/StrandiOS/Widgets/IOSVerifiedSinkLifecycle.swift /tmp/noop-audit-p0-settings-whoop-20260816/Strand/System/IllnessNotifier.swift /tmp/noop-audit-p0-settings-whoop-20260816/Strand/Screens/InsightsHubView.swift /tmp/noop-audit-p0-settings-whoop-20260816/Strand/Screens/InsightsView.swift /tmp/noop-audit-p0-settings-whoop-20260816/Strand/Data/IntelligenceAnalysisCoordinator.swift /tmp/noop-audit-p0-settings-whoop-20260816/Strand/Data/IntelligenceEngine.swift /tmp/noop-audit-p0-settings-whoop-20260816/Strand/Data/IntelligenceRecoveryPersistenceReceipt.swift /tmp/noop-audit-p0-settings-whoop-20260816/Strand/Screens/IntelligenceView.swift /tmp/noop-audit-p0-settings-whoop-20260816/Strand/Screens/IntervalTimerView.swift (in target 'NOOPiOS' from project 'Strand')

SwiftCompile normal arm64 /tmp/noop-audit-p0-settings-whoop-20260816/Strand/App/GpsWorkoutRecorder.swift (in target 'NOOPiOS' from project 'Strand')
    cd /tmp/noop-audit-p0-settings-whoop-20260816
    

SwiftCompile normal arm64 /tmp/noop-audit-p0-settings-whoop-20260816/Strand/Screens/HRVSnapshotView.swift (in target 'NOOPiOS' from project 'Strand')
    cd /tmp/noop-audit-p0-settings-whoop-20260816
    

SwiftCompile normal arm64 /tmp/noop-audit-p0-settings-whoop-20260816/Strand/Screens/HealthAlertBanner.swift (in target 'NOOPiOS' from project 'Strand')
    cd /tmp/noop-audit-p0-settings-whoop-20260816
    

SwiftCompile normal arm64 /tmp/noop-audit-p0-settings-whoop-20260816/StrandiOS/Health/HealthKitBridge.swift (in target 'NOOPiOS' from project 'Strand')
    cd /tmp/noop-audit-p0-settings-whoop-20260816
    

SwiftCompile normal arm64 /tmp/noop-audit-p0-settings-whoop-20260816/StrandiOS/Health/HealthKitSyncCoordinator.swift (in target 'NOOPiOS' from project 'Strand')
    cd /tmp/noop-audit-p0-settings-whoop-20260816
    

SwiftCompile normal arm64 /tmp/noop-audit-p0-settings-whoop-20260816/Strand/Screens/HealthView.swift (in target 'NOOPiOS' from project 'Strand')
    cd /tmp/noop-audit-p0-settings-whoop-20260816
    

SwiftCompile normal arm64 /tmp/noop-audit-p0-settings-whoop-20260816/Strand/Data/HistoricalMigrationDriver.swift (in target 'NOOPiOS' from project 'Strand')
    cd /tmp/noop-audit-p0-settings-whoop-20260816
    

SwiftCompile normal arm64 /tmp/noop-audit-p0-settings-whoop-20260816/Strand/App/HistoricalPipelineRuntime.swift (in target 'NOOPiOS' from project 'Strand')
    cd /tmp/noop-audit-p0-settings-whoop-20260816
    

SwiftCompile normal arm64 /tmp/noop-audit-p0-settings-whoop-20260816/Strand/Screens/HowNoopWorksView.swift (in target 'NOOPiOS' from project 'Strand')
    cd /tmp/noop-audit-p0-settings-whoop-20260816
    

SwiftCompile normal arm64 /tmp/noop-audit-p0-settings-whoop-20260816/Strand/BLE/HrBroadcaster.swift (in target 'NOOPiOS' from project 'Strand')
    cd /tmp/noop-audit-p0-settings-whoop-20260816
    

SwiftCompile normal arm64 /tmp/noop-audit-p0-settings-whoop-20260816/Strand/BLE/HuamiHRSource.swift (in target 'NOOPiOS' from project 'Strand')
    cd /tmp/noop-audit-p0-settings-whoop-20260816
    

SwiftCompile normal arm64 /tmp/noop-audit-p0-settings-whoop-20260816/Strand/BLE/HuamiHeartRate.swift (in target 'NOOPiOS' from project 'Strand')
    cd /tmp/noop-audit-p0-settings-whoop-20260816
    

SwiftCompile normal arm64 /tmp/noop-audit-p0-settings-whoop-20260816/Strand/Data/HydrationStore.swift (in target 'NOOPiOS' from project 'Strand')
    cd /tmp/noop-audit-p0-settings-whoop-20260816
    

SwiftCompile normal arm64 /tmp/noop-audit-p0-settings-whoop-20260816/Strand/Screens/HydrationView.swift (in target 'NOOPiOS' from project 'Strand')
    cd /tmp/noop-audit-p0-settings-whoop-20260816
    

SwiftCompile normal arm64 /tmp/noop-audit-p0-settings-whoop-20260816/Strand/System/IOSDiagnostics.swift (in target 'NOOPiOS' from project 'Strand')
    cd /tmp/noop-audit-p0-settings-whoop-20260816
    

SwiftCompile normal arm64 /tmp/noop-audit-p0-settings-whoop-20260816/StrandiOS/Widgets/IOSVerifiedSinkLifecycle.swift (in target 'NOOPiOS' from project 'Strand')
    cd /tmp/noop-audit-p0-settings-whoop-20260816
    

SwiftCompile normal arm64 /tmp/noop-audit-p0-settings-whoop-20260816/Strand/System/IllnessNotifier.swift (in target 'NOOPiOS' from project 'Strand')
    cd /tmp/noop-audit-p0-settings-whoop-20260816
    

SwiftCompile normal arm64 /tmp/noop-audit-p0-settings-whoop-20260816/Strand/Screens/InsightsHubView.swift (in target 'NOOPiOS' from project 'Strand')
    cd /tmp/noop-audit-p0-settings-whoop-20260816
    

SwiftCompile normal arm64 /tmp/noop-audit-p0-settings-whoop-20260816/Strand/Screens/InsightsView.swift (in target 'NOOPiOS' from project 'Strand')
    cd /tmp/noop-audit-p0-settings-whoop-20260816
    

SwiftCompile normal arm64 /tmp/noop-audit-p0-settings-whoop-20260816/Strand/Data/IntelligenceAnalysisCoordinator.swift (in target 'NOOPiOS' from project 'Strand')
    cd /tmp/noop-audit-p0-settings-whoop-20260816
    

SwiftCompile normal arm64 /tmp/noop-audit-p0-settings-whoop-20260816/Strand/Data/IntelligenceEngine.swift (in target 'NOOPiOS' from project 'Strand')
    cd /tmp/noop-audit-p0-settings-whoop-20260816
    

SwiftCompile normal arm64 /tmp/noop-audit-p0-settings-whoop-20260816/Strand/Data/IntelligenceRecoveryPersistenceReceipt.swift (in target 'NOOPiOS' from project 'Strand')
    cd /tmp/noop-audit-p0-settings-whoop-20260816
    

SwiftCompile normal arm64 /tmp/noop-audit-p0-settings-whoop-20260816/Strand/Screens/IntelligenceView.swift (in target 'NOOPiOS' from project 'Strand')
    cd /tmp/noop-audit-p0-settings-whoop-20260816
    

SwiftCompile normal arm64 /tmp/noop-audit-p0-settings-whoop-20260816/Strand/Screens/IntervalTimerView.swift (in target 'NOOPiOS' from project 'Strand')
    cd /tmp/noop-audit-p0-settings-whoop-20260816
    

SwiftCompile normal arm64 Compiling\ JournalCatalog.swift,\ JournalLogCard.swift,\ KeyMetricPrefs.swift,\ KeyMetricsEditorSheet.swift,\ LabBookView.swift,\ LatestWinsLoadState.swift,\ LiveActivityAttributes.swift,\ LiveActivityController.swift,\ LiveSessionRunner.swift,\ LiveState+Battery.swift,\ LiveState+Log.swift,\ LiveState.swift,\ LiveUpdatePolicies.swift,\ LiveView.swift,\ LiveWorkoutView.swift,\ ManualWorkoutSheet.swift,\ MarkerEditorView.swift,\ MetricCatalog.swift,\ MetricExplorerView.swift,\ MindSection.swift,\ MissedSleepRecoveryCard.swift,\ MoodStore.swift,\ NOOPAppIntents.swift,\ NavRouter.swift /tmp/noop-audit-p0-settings-whoop-20260816/Strand/Data/JournalCatalog.swift /tmp/noop-audit-p0-settings-whoop-20260816/Strand/Screens/JournalLogCard.swift /tmp/noop-audit-p0-settings-whoop-20260816/Strand/Data/KeyMetricPrefs.swift /tmp/noop-audit-p0-settings-whoop-20260816/Strand/Screens/KeyMetricsEditorSheet.swift /tmp/noop-audit-p0-settings-whoop-20260816/Strand/Screens/LabBookView.swift /tmp/noop-audit-p0-settings-whoop-20260816/Strand/App/LatestWinsLoadState.swift /tmp/noop-audit-p0-settings-whoop-20260816/StrandiOSShared/LiveActivityAttributes.swift /tmp/noop-audit-p0-settings-whoop-20260816/StrandiOS/Widgets/LiveActivityController.swift /tmp/noop-audit-p0-settings-whoop-20260816/Strand/App/LiveSessionRunner.swift /tmp/noop-audit-p0-settings-whoop-20260816/Strand/BLE/LiveState+Battery.swift /tmp/noop-audit-p0-settings-whoop-20260816/Strand/BLE/LiveState+Log.swift /tmp/noop-audit-p0-settings-whoop-20260816/Strand/BLE/LiveState.swift /tmp/noop-audit-p0-settings-whoop-20260816/StrandiOS/Widgets/LiveUpdatePolicies.swift /tmp/noop-audit-p0-settings-whoop-20260816/Strand/Screens/LiveView.swift /tmp/noop-audit-p0-settings-whoop-20260816/Strand/Screens/LiveWorkoutView.swift /tmp/noop-audit-p0-settings-whoop-20260816/Strand/Screens/ManualWorkoutSheet.swift /tmp/noop-audit-p0-settings-whoop-20260816/Strand/Screens/MarkerEditorView.swift /tmp/noop-audit-p0-settings-whoop-20260816/Strand/Data/MetricCatalog.swift /tmp/noop-audit-p0-settings-whoop-20260816/Strand/Screens/MetricExplorerView.swift /tmp/noop-audit-p0-settings-whoop-20260816/Strand/Screens/MindSection.swift /tmp/noop-audit-p0-settings-whoop-20260816/Strand/Screens/MissedSleepRecoveryCard.swift /tmp/noop-audit-p0-settings-whoop-20260816/Strand/Data/MoodStore.swift /tmp/noop-audit-p0-settings-whoop-20260816/StrandiOS/System/NOOPAppIntents.swift /tmp/noop-audit-p0-settings-whoop-20260816/Strand/App/NavRouter.swift (in target 'NOOPiOS' from project 'Strand')

SwiftCompile normal arm64 /tmp/noop-audit-p0-settings-whoop-20260816/Strand/Data/JournalCatalog.swift (in target 'NOOPiOS' from project 'Strand')
    cd /tmp/noop-audit-p0-settings-whoop-20260816
    

SwiftCompile normal arm64 /tmp/noop-audit-p0-settings-whoop-20260816/Strand/Screens/JournalLogCard.swift (in target 'NOOPiOS' from project 'Strand')
    cd /tmp/noop-audit-p0-settings-whoop-20260816
    

SwiftCompile normal arm64 /tmp/noop-audit-p0-settings-whoop-20260816/Strand/Data/KeyMetricPrefs.swift (in target 'NOOPiOS' from project 'Strand')
    cd /tmp/noop-audit-p0-settings-whoop-20260816
    

SwiftCompile normal arm64 /tmp/noop-audit-p0-settings-whoop-20260816/Strand/Screens/KeyMetricsEditorSheet.swift (in target 'NOOPiOS' from project 'Strand')
    cd /tmp/noop-audit-p0-settings-whoop-20260816
    

SwiftCompile normal arm64 /tmp/noop-audit-p0-settings-whoop-20260816/Strand/Screens/LabBookView.swift (in target 'NOOPiOS' from project 'Strand')
    cd /tmp/noop-audit-p0-settings-whoop-20260816
    

SwiftCompile normal arm64 /tmp/noop-audit-p0-settings-whoop-20260816/Strand/App/LatestWinsLoadState.swift (in target 'NOOPiOS' from project 'Strand')
    cd /tmp/noop-audit-p0-settings-whoop-20260816
    

SwiftCompile normal arm64 /tmp/noop-audit-p0-settings-whoop-20260816/StrandiOSShared/LiveActivityAttributes.swift (in target 'NOOPiOS' from project 'Strand')
    cd /tmp/noop-audit-p0-settings-whoop-20260816
    

SwiftCompile normal arm64 /tmp/noop-audit-p0-settings-whoop-20260816/StrandiOS/Widgets/LiveActivityController.swift (in target 'NOOPiOS' from project 'Strand')
    cd /tmp/noop-audit-p0-settings-whoop-20260816
    

SwiftCompile normal arm64 /tmp/noop-audit-p0-settings-whoop-20260816/Strand/App/LiveSessionRunner.swift (in target 'NOOPiOS' from project 'Strand')
    cd /tmp/noop-audit-p0-settings-whoop-20260816
    

SwiftCompile normal arm64 /tmp/noop-audit-p0-settings-whoop-20260816/Strand/BLE/LiveState+Battery.swift (in target 'NOOPiOS' from project 'Strand')
    cd /tmp/noop-audit-p0-settings-whoop-20260816
    

SwiftCompile normal arm64 /tmp/noop-audit-p0-settings-whoop-20260816/Strand/BLE/LiveState+Log.swift (in target 'NOOPiOS' from project 'Strand')
    cd /tmp/noop-audit-p0-settings-whoop-20260816
    

SwiftCompile normal arm64 /tmp/noop-audit-p0-settings-whoop-20260816/Strand/BLE/LiveState.swift (in target 'NOOPiOS' from project 'Strand')
    cd /tmp/noop-audit-p0-settings-whoop-20260816
    

SwiftCompile normal arm64 /tmp/noop-audit-p0-settings-whoop-20260816/StrandiOS/Widgets/LiveUpdatePolicies.swift (in target 'NOOPiOS' from project 'Strand')
    cd /tmp/noop-audit-p0-settings-whoop-20260816
    

SwiftCompile normal arm64 /tmp/noop-audit-p0-settings-whoop-20260816/Strand/Screens/LiveView.swift (in target 'NOOPiOS' from project 'Strand')
    cd /tmp/noop-audit-p0-settings-whoop-20260816
    

SwiftCompile normal arm64 /tmp/noop-audit-p0-settings-whoop-20260816/Strand/Screens/LiveWorkoutView.swift (in target 'NOOPiOS' from project 'Strand')
    cd /tmp/noop-audit-p0-settings-whoop-20260816
    

SwiftCompile normal arm64 /tmp/noop-audit-p0-settings-whoop-20260816/Strand/Screens/ManualWorkoutSheet.swift (in target 'NOOPiOS' from project 'Strand')
    cd /tmp/noop-audit-p0-settings-whoop-20260816
    

SwiftCompile normal arm64 /tmp/noop-audit-p0-settings-whoop-20260816/Strand/Screens/MarkerEditorView.swift (in target 'NOOPiOS' from project 'Strand')
    cd /tmp/noop-audit-p0-settings-whoop-20260816
    

SwiftCompile normal arm64 /tmp/noop-audit-p0-settings-whoop-20260816/Strand/Data/MetricCatalog.swift (in target 'NOOPiOS' from project 'Strand')
    cd /tmp/noop-audit-p0-settings-whoop-20260816
    

SwiftCompile normal arm64 /tmp/noop-audit-p0-settings-whoop-20260816/Strand/Screens/MetricExplorerView.swift (in target 'NOOPiOS' from project 'Strand')
    cd /tmp/noop-audit-p0-settings-whoop-20260816
    

SwiftCompile normal arm64 /tmp/noop-audit-p0-settings-whoop-20260816/Strand/Screens/MindSection.swift (in target 'NOOPiOS' from project 'Strand')
    cd /tmp/noop-audit-p0-settings-whoop-20260816
    

SwiftCompile normal arm64 /tmp/noop-audit-p0-settings-whoop-20260816/Strand/Screens/MissedSleepRecoveryCard.swift (in target 'NOOPiOS' from project 'Strand')
    cd /tmp/noop-audit-p0-settings-whoop-20260816
    

SwiftCompile normal arm64 /tmp/noop-audit-p0-settings-whoop-20260816/Strand/Data/MoodStore.swift (in target 'NOOPiOS' from project 'Strand')
    cd /tmp/noop-audit-p0-settings-whoop-20260816
    

SwiftCompile normal arm64 /tmp/noop-audit-p0-settings-whoop-20260816/StrandiOS/System/NOOPAppIntents.swift (in target 'NOOPiOS' from project 'Strand')
    cd /tmp/noop-audit-p0-settings-whoop-20260816
    

SwiftCompile normal arm64 /tmp/noop-audit-p0-settings-whoop-20260816/Strand/App/NavRouter.swift (in target 'NOOPiOS' from project 'Strand')
    cd /tmp/noop-audit-p0-settings-whoop-20260816
    

SwiftCompile normal arm64 Compiling\ RepositoryPostAnalysisSnapshotBuilder.swift,\ RepositoryRefreshIntent.swift,\ RepositoryRefreshV2.swift,\ RhythmView.swift,\ RootTabView.swift,\ ScoringGuideView.swift,\ ScreenScaffold.swift,\ SerializedLiveActivityCommands.swift,\ SettingsView.swift,\ ShortcutExportSettingsView.swift,\ ShortcutHealthExport.swift,\ ShortcutHealthImport.swift,\ SiriShortcutsSettingsView.swift,\ SkinTempCardsView.swift,\ SkinTemperatureTrace.swift,\ SleepAlarmEditorSection.swift,\ SleepMark.swift,\ SleepPerformanceV2Prefs.swift,\ SleepRecoveryEmptyStateBridge.swift,\ SleepView.swift,\ SmartAlarmBackgroundCompletionGate.swift,\ SmartAlarmBackgroundTaskRegistrar.swift,\ SmartAlarmCommandReconciler.swift,\ SmartAlarmEvidenceStore.swift /tmp/noop-audit-p0-settings-whoop-20260816/Strand/Data/RepositoryPostAnalysisSnapshotBuilder.swift /tmp/noop-audit-p0-settings-whoop-20260816/Strand/Data/RepositoryRefreshIntent.swift /tmp/noop-audit-p0-settings-whoop-20260816/Strand/Data/RepositoryRefreshV2.swift /tmp/noop-audit-p0-settings-whoop-20260816/Strand/Screens/RhythmView.swift /tmp/noop-audit-p0-settings-whoop-20260816/StrandiOS/App/RootTabView.swift /tmp/noop-audit-p0-settings-whoop-20260816/Strand/Screens/ScoringGuideView.swift /tmp/noop-audit-p0-settings-whoop-20260816/Strand/Screens/ScreenScaffold.swift /tmp/noop-audit-p0-settings-whoop-20260816/StrandiOS/Widgets/SerializedLiveActivityCommands.swift /tmp/noop-audit-p0-settings-whoop-20260816/Strand/Screens/SettingsView.swift /tmp/noop-audit-p0-settings-whoop-20260816/StrandiOS/App/ShortcutExportSettingsView.swift /tmp/noop-audit-p0-settings-whoop-20260816/Strand/Data/ShortcutHealthExport.swift /tmp/noop-audit-p0-settings-whoop-20260816/Strand/Data/ShortcutHealthImport.swift /tmp/noop-audit-p0-settings-whoop-20260816/StrandiOS/App/SiriShortcutsSettingsView.swift /tmp/noop-audit-p0-settings-whoop-20260816/Strand/Screens/SkinTempCardsView.swift /tmp/noop-audit-p0-settings-whoop-20260816/Strand/Data/SkinTemperatureTrace.swift /tmp/noop-audit-p0-settings-whoop-20260816/Strand/Screens/SleepAlarmEditorSection.swift /tmp/noop-audit-p0-settings-whoop-20260816/Strand/Data/SleepMark.swift /tmp/noop-audit-p0-settings-whoop-20260816/Strand/Data/SleepPerformanceV2Prefs.swift /tmp/noop-audit-p0-settings-whoop-20260816/Strand/Screens/SleepRecoveryEmptyStateBridge.swift /tmp/noop-audit-p0-settings-whoop-20260816/Strand/Screens/SleepView.swift /tmp/noop-audit-p0-settings-whoop-20260816/StrandiOS/App/SmartAlarmBackgroundCompletionGate.swift /tmp/noop-audit-p0-settings-whoop-20260816/StrandiOS/App/SmartAlarmBackgroundTaskRegistrar.swift /tmp/noop-audit-p0-settings-whoop-20260816/StrandiOS/App/SmartAlarmCommandReconciler.swift /tmp/noop-audit-p0-settings-whoop-20260816/Strand/Data/SmartAlarmEvidenceStore.swift (in target 'NOOPiOS' from project 'Strand')
SwiftCompile normal arm64 /tmp/noop-audit-p0-settings-whoop-20260816/Strand/Data/RepositoryPostAnalysisSnapshotBuilder.swift (in target 'NOOPiOS' from project 'Strand')
    cd /tmp/noop-audit-p0-settings-whoop-20260816
    

SwiftCompile normal arm64 /tmp/noop-audit-p0-settings-whoop-20260816/Strand/Data/RepositoryRefreshIntent.swift (in target 'NOOPiOS' from project 'Strand')
    cd /tmp/noop-audit-p0-settings-whoop-20260816
    

SwiftCompile normal arm64 /tmp/noop-audit-p0-settings-whoop-20260816/Strand/Data/RepositoryRefreshV2.swift (in target 'NOOPiOS' from project 'Strand')
    cd /tmp/noop-audit-p0-settings-whoop-20260816
    

SwiftCompile normal arm64 /tmp/noop-audit-p0-settings-whoop-20260816/Strand/Screens/RhythmView.swift (in target 'NOOPiOS' from project 'Strand')
    cd /tmp/noop-audit-p0-settings-whoop-20260816
    

SwiftCompile normal arm64 /tmp/noop-audit-p0-settings-whoop-20260816/StrandiOS/App/RootTabView.swift (in target 'NOOPiOS' from project 'Strand')
    cd /tmp/noop-audit-p0-settings-whoop-20260816
    

SwiftCompile normal arm64 /tmp/noop-audit-p0-settings-whoop-20260816/Strand/Screens/ScoringGuideView.swift (in target 'NOOPiOS' from project 'Strand')
    cd /tmp/noop-audit-p0-settings-whoop-20260816
    

SwiftCompile normal arm64 /tmp/noop-audit-p0-settings-whoop-20260816/Strand/Screens/ScreenScaffold.swift (in target 'NOOPiOS' from project 'Strand')
    cd /tmp/noop-audit-p0-settings-whoop-20260816
    

SwiftCompile normal arm64 /tmp/noop-audit-p0-settings-whoop-20260816/StrandiOS/Widgets/SerializedLiveActivityCommands.swift (in target 'NOOPiOS' from project 'Strand')
    cd /tmp/noop-audit-p0-settings-whoop-20260816
    

SwiftCompile normal arm64 /tmp/noop-audit-p0-settings-whoop-20260816/Strand/Screens/SettingsView.swift (in target 'NOOPiOS' from project 'Strand')
    cd /tmp/noop-audit-p0-settings-whoop-20260816
    

SwiftCompile normal arm64 /tmp/noop-audit-p0-settings-whoop-20260816/StrandiOS/App/ShortcutExportSettingsView.swift (in target 'NOOPiOS' from project 'Strand')
    cd /tmp/noop-audit-p0-settings-whoop-20260816
    

SwiftCompile normal arm64 /tmp/noop-audit-p0-settings-whoop-20260816/Strand/Data/ShortcutHealthExport.swift (in target 'NOOPiOS' from project 'Strand')
    cd /tmp/noop-audit-p0-settings-whoop-20260816
    

SwiftCompile normal arm64 /tmp/noop-audit-p0-settings-whoop-20260816/Strand/Data/ShortcutHealthImport.swift (in target 'NOOPiOS' from project 'Strand')
    cd /tmp/noop-audit-p0-settings-whoop-20260816
    

SwiftCompile normal arm64 /tmp/noop-audit-p0-settings-whoop-20260816/StrandiOS/App/SiriShortcutsSettingsView.swift (in target 'NOOPiOS' from project 'Strand')
    cd /tmp/noop-audit-p0-settings-whoop-20260816
    

SwiftCompile normal arm64 /tmp/noop-audit-p0-settings-whoop-20260816/Strand/Screens/SkinTempCardsView.swift (in target 'NOOPiOS' from project 'Strand')
    cd /tmp/noop-audit-p0-settings-whoop-20260816
    

SwiftCompile normal arm64 /tmp/noop-audit-p0-settings-whoop-20260816/Strand/Data/SkinTemperatureTrace.swift (in target 'NOOPiOS' from project 'Strand')
    cd /tmp/noop-audit-p0-settings-whoop-20260816
    

SwiftCompile normal arm64 /tmp/noop-audit-p0-settings-whoop-20260816/Strand/Screens/SleepAlarmEditorSection.swift (in target 'NOOPiOS' from project 'Strand')
    cd /tmp/noop-audit-p0-settings-whoop-20260816
    

SwiftCompile normal arm64 /tmp/noop-audit-p0-settings-whoop-20260816/Strand/Data/SleepMark.swift (in target 'NOOPiOS' from project 'Strand')
    cd /tmp/noop-audit-p0-settings-whoop-20260816
    

SwiftCompile normal arm64 /tmp/noop-audit-p0-settings-whoop-20260816/Strand/Data/SleepPerformanceV2Prefs.swift (in target 'NOOPiOS' from project 'Strand')
    cd /tmp/noop-audit-p0-settings-whoop-20260816
    

SwiftCompile normal arm64 /tmp/noop-audit-p0-settings-whoop-20260816/Strand/Screens/SleepRecoveryEmptyStateBridge.swift (in target 'NOOPiOS' from project 'Strand')
    cd /tmp/noop-audit-p0-settings-whoop-20260816
    

SwiftCompile normal arm64 /tmp/noop-audit-p0-settings-whoop-20260816/Strand/Screens/SleepView.swift (in target 'NOOPiOS' from project 'Strand')
    cd /tmp/noop-audit-p0-settings-whoop-20260816
    

SwiftCompile normal arm64 /tmp/noop-audit-p0-settings-whoop-20260816/StrandiOS/App/SmartAlarmBackgroundCompletionGate.swift (in target 'NOOPiOS' from project 'Strand')
    cd /tmp/noop-audit-p0-settings-whoop-20260816
    

SwiftCompile normal arm64 /tmp/noop-audit-p0-settings-whoop-20260816/StrandiOS/App/SmartAlarmBackgroundTaskRegistrar.swift (in target 'NOOPiOS' from project 'Strand')
    cd /tmp/noop-audit-p0-settings-whoop-20260816
    

SwiftCompile normal arm64 /tmp/noop-audit-p0-settings-whoop-20260816/StrandiOS/App/SmartAlarmCommandReconciler.swift (in target 'NOOPiOS' from project 'Strand')
    cd /tmp/noop-audit-p0-settings-whoop-20260816
    

SwiftCompile normal arm64 /tmp/noop-audit-p0-settings-whoop-20260816/Strand/Data/SmartAlarmEvidenceStore.swift (in target 'NOOPiOS' from project 'Strand')
    cd /tmp/noop-audit-p0-settings-whoop-20260816
    

SwiftDriverJobDiscovery normal arm64 Emitting module for NOOP (in target 'NOOPiOS' from project 'Strand')

SwiftDriver\ Compilation\ Requirements NOOPiOS normal arm64 com.apple.xcode.tools.swift.compiler (in target 'NOOPiOS' from project 'Strand')
    cd /tmp/noop-audit-p0-settings-whoop-20260816
    builtin-Swift-Compilation-Requirements -- /Applications/Xcode.app/Contents/Developer/Toolchains/XcodeDefault.xctoolchain/usr/bin/swiftc -module-name NOOP -Onone @/tmp/noop-audit-p0-settings-whoop-20260816/DerivedData/Build/Intermediates.noindex/Strand.build/Debug-iphonesimulator/NOOPiOS.build/Objects-normal/arm64/NOOP.SwiftFileList -DDEBUG -Xcc -fmodule-map-file\=/tmp/noop-audit-p0-settings-whoop-20260816/DerivedData/SourcePackages/checkouts/GRDB.swift/Sources/CSQLite/module.modulemap -enable-experimental-feature DebugDescriptionMacro -sdk /Applications/Xcode.app/Contents/Developer/Platforms/iPhoneSimulator.platform/Developer/SDKs/iPhoneSimulator26.5.sdk -target arm64-apple-ios17.0-simulator -g -module-cache-path /tmp/noop-audit-p0-settings-whoop-20260816/DerivedData/ModuleCache.noindex -Xfrontend -serialize-debugging-options -enable-testing -warnings-as-errors -index-store-path /tmp/noop-audit-p0-settings-whoop-20260816/DerivedData/Index.noindex/DataStore -Xcc -D_LIBCPP_HARDENING_MODE\=_LIBCPP_HARDENING_MODE_DEBUG -swift-version 6 -I /tmp/noop-audit-p0-settings-whoop-20260816/DerivedData/Build/Products/Debug-iphonesimulator -F /tmp/noop-audit-p0-settings-whoop-20260816/DerivedData/Build/Products/Debug-iphonesimulator/PackageFrameworks -F /tmp/noop-audit-p0-settings-whoop-20260816/DerivedData/Build/Products/Debug-iphonesimulator/PackageFrameworks -F /tmp/noop-audit-p0-settings-whoop-20260816/DerivedData/Build/Products/Debug-iphonesimulator/PackageFrameworks -F /tmp/noop-audit-p0-settings-whoop-20260816/DerivedData/Build/Products/Debug-iphonesimulator/PackageFrameworks -F /tmp/noop-audit-p0-settings-whoop-20260816/DerivedData/Build/Products/Debug-iphonesimulator/PackageFrameworks -F /tmp/noop-audit-p0-settings-whoop-20260816/DerivedData/Build/Products/Debug-iphonesimulator/PackageFrameworks -F /tmp/noop-audit-p0-settings-whoop-20260816/DerivedData/Build/Products/Debug-iphonesimulator/PackageFrameworks -F /tmp/noop-audit-p0-settings-whoop-20260816/DerivedData/Build/Products/Debug-iphonesimulator/PackageFrameworks -F /tmp/noop-audit-p0-settings-whoop-20260816/DerivedData/Build/Products/Debug-iphonesimulator/PackageFrameworks -F /tmp/noop-audit-p0-settings-whoop-20260816/DerivedData/Build/Products/Debug-iphonesimulator/PackageFrameworks -F /tmp/noop-audit-p0-settings-whoop-20260816/DerivedData/Build/Products/Debug-iphonesimulator/PackageFrameworks -F /tmp/noop-audit-p0-settings-whoop-20260816/DerivedData/Build/Products/Debug-iphonesimulator/PackageFrameworks -F /tmp/noop-audit-p0-settings-whoop-20260816/DerivedData/Build/Products/Debug-iphonesimulator/PackageFrameworks -F /tmp/noop-audit-p0-settings-whoop-20260816/DerivedData/Build/Products/Debug-iphonesimulator -emit-localized-strings -emit-localized-strings-path /tmp/noop-audit-p0-settings-whoop-20260816/DerivedData/Build/Intermediates.noindex/Strand.build/Debug-iphonesimulator/NOOPiOS.build/Objects-normal/arm64 -c -j8 -enable-batch-mode -incremental -Xcc -ivfsstatcache -Xcc /tmp/noop-audit-p0-settings-whoop-20260816/DerivedData/SDKStatCaches.noindex/iphonesimulator26.5-23F81a-6cfe768891a92b912361537c460fe42b.sdkstatcache -output-file-map /tmp/noop-audit-p0-settings-whoop-20260816/DerivedData/Build/Intermediates.noindex/Strand.build/Debug-iphonesimulator/NOOPiOS.build/Objects-normal/arm64/NOOPiOS-OutputFileMap.json -use-frontend-parseable-output -save-temps -no-color-diagnostics -explicit-module-build -module-cache-path /tmp/noop-audit-p0-settings-whoop-20260816/DerivedData/Build/Intermediates.noindex/SwiftExplicitPrecompiledModules -clang-scanner-module-cache-path /tmp/noop-audit-p0-settings-whoop-20260816/DerivedData/ModuleCache.noindex -sdk-module-cache-path /tmp/noop-audit-p0-settings-whoop-20260816/DerivedData/ModuleCache.noindex -serialize-diagnostics -emit-dependencies -emit-module -emit-module-path /tmp/noop-audit-p0-settings-whoop-20260816/DerivedData/Build/Intermediates.noindex/Strand.build/Debug-iphonesimulator/NOOPiOS.build/Objects-normal/arm64/NOOP.swiftmodule -validate-clang-modules-once -clang-build-session-file /tmp/noop-audit-p0-settings-whoop-20260816/DerivedData/ModuleCache.noindex/Session.modulevalidation -Xcc -I/tmp/noop-audit-p0-settings-whoop-20260816/DerivedData/Build/Intermediates.noindex/Strand.build/Debug-iphonesimulator/NOOPiOS.build/swift-overrides.hmap -emit-const-values -Xfrontend -const-gather-protocols-file -Xfrontend /tmp/noop-audit-p0-settings-whoop-20260816/DerivedData/Build/Intermediates.noindex/Strand.build/Debug-iphonesimulator/NOOPiOS.build/Objects-normal/arm64/NOOPiOS_const_extract_protocols.json -Xcc -iquote -Xcc /tmp/noop-audit-p0-settings-whoop-20260816/DerivedData/Build/Intermediates.noindex/Strand.build/Debug-iphonesimulator/NOOPiOS.build/NOOP-generated-files.hmap -Xcc -I/tmp/noop-audit-p0-settings-whoop-20260816/DerivedData/Build/Intermediates.noindex/Strand.build/Debug-iphonesimulator/NOOPiOS.build/NOOP-own-target-headers.hmap -Xcc -I/tmp/noop-audit-p0-settings-whoop-20260816/DerivedData/Build/Intermediates.noindex/Strand.build/Debug-iphonesimulator/NOOPiOS.build/NOOP-all-non-framework-target-headers.hmap -Xcc -ivfsoverlay -Xcc /tmp/noop-audit-p0-settings-whoop-20260816/DerivedData/Build/Intermediates.noindex/Strand.build/Debug-iphonesimulator/Strand-b8a229635ad384b8b8be1d2fb8c96d4b-VFS-iphonesimulator/all-product-headers.yaml -Xcc -iquote -Xcc /tmp/noop-audit-p0-settings-whoop-20260816/DerivedData/Build/Intermediates.noindex/Strand.build/Debug-iphonesimulator/NOOPiOS.build/NOOP-project-headers.hmap -Xcc -I/tmp/noop-audit-p0-settings-whoop-20260816/DerivedData/SourcePackages/checkouts/swift-cmark/src/include -Xcc -I/tmp/noop-audit-p0-settings-whoop-20260816/DerivedData/SourcePackages/checkouts/swift-cmark/extensions/include -Xcc -I/tmp/noop-audit-p0-settings-whoop-20260816/DerivedData/Build/Products/Debug-iphonesimulator/include -Xcc -I/tmp/noop-audit-p0-settings-whoop-20260816/DerivedData/Build/Intermediates.noindex/Strand.build/Debug-iphonesimulator/NOOPiOS.build/DerivedSources-normal/arm64 -Xcc -I/tmp/noop-audit-p0-settings-whoop-20260816/DerivedData/Build/Intermediates.noindex/Strand.build/Debug-iphonesimulator/NOOPiOS.build/DerivedSources/arm64 -Xcc -I/tmp/noop-audit-p0-settings-whoop-20260816/DerivedData/Build/Intermediates.noindex/Strand.build/Debug-iphonesimulator/NOOPiOS.build/DerivedSources -Xcc -DDEBUG\=1 -emit-objc-header -emit-objc-header-path /tmp/noop-audit-p0-settings-whoop-20260816/DerivedData/Build/Intermediates.noindex/Strand.build/Debug-iphonesimulator/NOOPiOS.build/Objects-normal/arm64/NOOP-Swift.h -working-directory /tmp/noop-audit-p0-settings-whoop-20260816 -experimental-emit-module-separately -disable-cmo

SwiftDriverJobDiscovery normal arm64 Compiling DebugDataDiagnostics+Recovery.swift, DebugDataDiagnostics.swift, DemoDayHarness.swift, DesignLabAtomGallery.swift, DeviceActions.swift, DeviceCommandCenterLiveSnapshot.swift, DeviceCommandCenterStatus.swift, DeviceRegistry.swift, DevicesView.swift, DisplayPerformanceMonitor.swift, DisplayScreenshot.swift, DocumentPicker.swift, DonationNudgeCard.swift, ExactDayAnalysisIntegration.swift, ExperimentalBrand.swift, ExternalPublicationWorker.swift, FTMSSource.swift, FileExport.swift, FitnessAgeDetailView.swift, FrameRouter.swift, FullDayChartView.swift, FusedRecordView.swift, GarminBroadcast.swift, Gemini.swift (in target 'NOOPiOS' from project 'Strand')

SwiftCompile normal arm64 Compiling\ SmartAlarmRuntimeController.swift,\ SmartAlarmView.swift,\ SourceCoordinator.swift,\ SourcePrivacyCleanupBackgroundTaskRegistrar.swift,\ SourcePrivacyCleanupCoordinator.swift,\ SourceTransitionFence.swift,\ SparseTrendsLoadPlan.swift,\ StandardHRSource.swift,\ StorageView.swift,\ StorePaths.swift,\ StrandiOSApp.swift,\ StressCheckInCard.swift,\ StressPresentation.swift,\ StressView.swift,\ SupportView.swift,\ TermsGateView.swift,\ TestBundleAssembler.swift,\ TestBundleMeta.swift,\ TestCentre.swift,\ TestCentreReport.swift,\ TestCentreView.swift,\ TestReportFlow.swift,\ TestReportLink.swift,\ TodayDayBoundaryScheduler.swift /tmp/noop-audit-p0-settings-whoop-20260816/StrandiOS/App/SmartAlarmRuntimeController.swift /tmp/noop-audit-p0-settings-whoop-20260816/Strand/Screens/SmartAlarmView.swift /tmp/noop-audit-p0-settings-whoop-20260816/Strand/BLE/SourceCoordinator.swift /tmp/noop-audit-p0-settings-whoop-20260816/StrandiOS/App/SourcePrivacyCleanupBackgroundTaskRegistrar.swift /tmp/noop-audit-p0-settings-whoop-20260816/StrandiOS/Health/SourcePrivacyCleanupCoordinator.swift /tmp/noop-audit-p0-settings-whoop-20260816/Strand/App/SourceTransitionFence.swift /tmp/noop-audit-p0-settings-whoop-20260816/Strand/Data/SparseTrendsLoadPlan.swift /tmp/noop-audit-p0-settings-whoop-20260816/Strand/BLE/StandardHRSource.swift /tmp/noop-audit-p0-settings-whoop-20260816/Strand/Screens/StorageView.swift /tmp/noop-audit-p0-settings-whoop-20260816/Strand/Collect/StorePaths.swift /tmp/noop-audit-p0-settings-whoop-20260816/StrandiOS/App/StrandiOSApp.swift /tmp/noop-audit-p0-settings-whoop-20260816/Strand/Screens/StressCheckInCard.swift /tmp/noop-audit-p0-settings-whoop-20260816/Strand/Screens/StressPresentation.swift /tmp/noop-audit-p0-settings-whoop-20260816/Strand/Screens/StressView.swift /tmp/noop-audit-p0-settings-whoop-20260816/Strand/Screens/SupportView.swift /tmp/noop-audit-p0-settings-whoop-20260816/Strand/App/TermsGateView.swift /tmp/noop-audit-p0-settings-whoop-20260816/Strand/System/TestBundleAssembler.swift /tmp/noop-audit-p0-settings-whoop-20260816/Strand/System/TestBundleMeta.swift /tmp/noop-audit-p0-settings-whoop-20260816/Strand/System/TestCentre.swift /tmp/noop-audit-p0-settings-whoop-20260816/Strand/System/TestCentreReport.swift /tmp/noop-audit-p0-settings-whoop-20260816/Strand/Screens/TestCentreView.swift /tmp/noop-audit-p0-settings-whoop-20260816/Strand/System/TestReportFlow.swift /tmp/noop-audit-p0-settings-whoop-20260816/Strand/System/TestReportLink.swift /tmp/noop-audit-p0-settings-whoop-20260816/Strand/App/TodayDayBoundaryScheduler.swift (in target 'NOOPiOS' from project 'Strand')

SwiftCompile normal arm64 /tmp/noop-audit-p0-settings-whoop-20260816/StrandiOS/App/SmartAlarmRuntimeController.swift (in target 'NOOPiOS' from project 'Strand')
    cd /tmp/noop-audit-p0-settings-whoop-20260816
    

SwiftCompile normal arm64 /tmp/noop-audit-p0-settings-whoop-20260816/Strand/Screens/SmartAlarmView.swift (in target 'NOOPiOS' from project 'Strand')
    cd /tmp/noop-audit-p0-settings-whoop-20260816
    

SwiftCompile normal arm64 /tmp/noop-audit-p0-settings-whoop-20260816/Strand/BLE/SourceCoordinator.swift (in target 'NOOPiOS' from project 'Strand')
    cd /tmp/noop-audit-p0-settings-whoop-20260816
    

SwiftCompile normal arm64 /tmp/noop-audit-p0-settings-whoop-20260816/StrandiOS/App/SourcePrivacyCleanupBackgroundTaskRegistrar.swift (in target 'NOOPiOS' from project 'Strand')
    cd /tmp/noop-audit-p0-settings-whoop-20260816
    

SwiftCompile normal arm64 /tmp/noop-audit-p0-settings-whoop-20260816/StrandiOS/Health/SourcePrivacyCleanupCoordinator.swift (in target 'NOOPiOS' from project 'Strand')
    cd /tmp/noop-audit-p0-settings-whoop-20260816
    

SwiftCompile normal arm64 /tmp/noop-audit-p0-settings-whoop-20260816/Strand/App/SourceTransitionFence.swift (in target 'NOOPiOS' from project 'Strand')
    cd /tmp/noop-audit-p0-settings-whoop-20260816
    

SwiftCompile normal arm64 /tmp/noop-audit-p0-settings-whoop-20260816/Strand/Data/SparseTrendsLoadPlan.swift (in target 'NOOPiOS' from project 'Strand')
    cd /tmp/noop-audit-p0-settings-whoop-20260816
    

SwiftCompile normal arm64 /tmp/noop-audit-p0-settings-whoop-20260816/Strand/BLE/StandardHRSource.swift (in target 'NOOPiOS' from project 'Strand')
    cd /tmp/noop-audit-p0-settings-whoop-20260816
    

SwiftCompile normal arm64 /tmp/noop-audit-p0-settings-whoop-20260816/Strand/Screens/StorageView.swift (in target 'NOOPiOS' from project 'Strand')
    cd /tmp/noop-audit-p0-settings-whoop-20260816
    

SwiftCompile normal arm64 /tmp/noop-audit-p0-settings-whoop-20260816/Strand/Collect/StorePaths.swift (in target 'NOOPiOS' from project 'Strand')
    cd /tmp/noop-audit-p0-settings-whoop-20260816
    

SwiftCompile normal arm64 /tmp/noop-audit-p0-settings-whoop-20260816/StrandiOS/App/StrandiOSApp.swift (in target 'NOOPiOS' from project 'Strand')
    cd /tmp/noop-audit-p0-settings-whoop-20260816
    

SwiftCompile normal arm64 /tmp/noop-audit-p0-settings-whoop-20260816/Strand/Screens/StressCheckInCard.swift (in target 'NOOPiOS' from project 'Strand')
    cd /tmp/noop-audit-p0-settings-whoop-20260816
    

SwiftCompile normal arm64 /tmp/noop-audit-p0-settings-whoop-20260816/Strand/Screens/StressPresentation.swift (in target 'NOOPiOS' from project 'Strand')
    cd /tmp/noop-audit-p0-settings-whoop-20260816
    

SwiftCompile normal arm64 /tmp/noop-audit-p0-settings-whoop-20260816/Strand/Screens/StressView.swift (in target 'NOOPiOS' from project 'Strand')
    cd /tmp/noop-audit-p0-settings-whoop-20260816
    

SwiftCompile normal arm64 /tmp/noop-audit-p0-settings-whoop-20260816/Strand/Screens/SupportView.swift (in target 'NOOPiOS' from project 'Strand')
    cd /tmp/noop-audit-p0-settings-whoop-20260816
    

SwiftCompile normal arm64 /tmp/noop-audit-p0-settings-whoop-20260816/Strand/App/TermsGateView.swift (in target 'NOOPiOS' from project 'Strand')
    cd /tmp/noop-audit-p0-settings-whoop-20260816
    

SwiftCompile normal arm64 /tmp/noop-audit-p0-settings-whoop-20260816/Strand/System/TestBundleAssembler.swift (in target 'NOOPiOS' from project 'Strand')
    cd /tmp/noop-audit-p0-settings-whoop-20260816
    

SwiftCompile normal arm64 /tmp/noop-audit-p0-settings-whoop-20260816/Strand/System/TestBundleMeta.swift (in target 'NOOPiOS' from project 'Strand')
    cd /tmp/noop-audit-p0-settings-whoop-20260816
    

SwiftCompile normal arm64 /tmp/noop-audit-p0-settings-whoop-20260816/Strand/System/TestCentre.swift (in target 'NOOPiOS' from project 'Strand')
    cd /tmp/noop-audit-p0-settings-whoop-20260816
    

SwiftCompile normal arm64 /tmp/noop-audit-p0-settings-whoop-20260816/Strand/System/TestCentreReport.swift (in target 'NOOPiOS' from project 'Strand')
    cd /tmp/noop-audit-p0-settings-whoop-20260816
    

SwiftCompile normal arm64 /tmp/noop-audit-p0-settings-whoop-20260816/Strand/Screens/TestCentreView.swift (in target 'NOOPiOS' from project 'Strand')
    cd /tmp/noop-audit-p0-settings-whoop-20260816
    

SwiftCompile normal arm64 /tmp/noop-audit-p0-settings-whoop-20260816/Strand/System/TestReportFlow.swift (in target 'NOOPiOS' from project 'Strand')
    cd /tmp/noop-audit-p0-settings-whoop-20260816
    

SwiftCompile normal arm64 /tmp/noop-audit-p0-settings-whoop-20260816/Strand/System/TestReportLink.swift (in target 'NOOPiOS' from project 'Strand')
    cd /tmp/noop-audit-p0-settings-whoop-20260816
    

SwiftCompile normal arm64 /tmp/noop-audit-p0-settings-whoop-20260816/Strand/App/TodayDayBoundaryScheduler.swift (in target 'NOOPiOS' from project 'Strand')
    cd /tmp/noop-audit-p0-settings-whoop-20260816
    

Copy /tmp/noop-audit-p0-settings-whoop-20260816/DerivedData/Build/Products/Debug-iphonesimulator/NOOP.swiftmodule/arm64-apple-ios-simulator.swiftmodule /tmp/noop-audit-p0-settings-whoop-20260816/DerivedData/Build/Intermediates.noindex/Strand.build/Debug-iphonesimulator/NOOPiOS.build/Objects-normal/arm64/NOOP.swiftmodule (in target 'NOOPiOS' from project 'Strand')
    cd /tmp/noop-audit-p0-settings-whoop-20260816
    builtin-copy -exclude .DS_Store -exclude CVS -exclude .svn -exclude .git -exclude .hg -resolve-src-symlinks -rename /tmp/noop-audit-p0-settings-whoop-20260816/DerivedData/Build/Intermediates.noindex/Strand.build/Debug-iphonesimulator/NOOPiOS.build/Objects-normal/arm64/NOOP.swiftmodule /tmp/noop-audit-p0-settings-whoop-20260816/DerivedData/Build/Products/Debug-iphonesimulator/NOOP.swiftmodule/arm64-apple-ios-simulator.swiftmodule

SwiftDriverJobDiscovery normal arm64 Compiling NotificationPresenter.swift, OnboardingWizard.swift, OpenAI.swift, OuraLiveSource.swift, PR28HistoricalPipelineErrors.swift, PaperDataPrimitives.swift, PaperOperationFeedback.swift, Platform.swift, Profile.swift, ProfileAvatarView.swift, PuffinDeepBufferLog.swift, PuffinEventLog.swift, PuffinExperiment.swift, PuffinFrameRecorder.swift, RawHistoryArchive.swift, RecentSportsPrefs.swift, ReportReviewGate.swift, Repository+HeartRateRecovery.swift, Repository+SleepRecovery.swift, Repository.swift, RepositoryAtomicHistoricalPublication.swift, RepositoryExactAuthoritativeMerge.swift, RepositoryHistoricalHealthKitPayloadBuilder.swift, RepositoryHistoricalSnapshotWindows.swift (in target 'NOOPiOS' from project 'Strand')

Copy /tmp/noop-audit-p0-settings-whoop-20260816/DerivedData/Build/Products/Debug-iphonesimulator/NOOP.swiftmodule/arm64-apple-ios-simulator.abi.json /tmp/noop-audit-p0-settings-whoop-20260816/DerivedData/Build/Intermediates.noindex/Strand.build/Debug-iphonesimulator/NOOPiOS.build/Objects-normal/arm64/NOOP.abi.json (in target 'NOOPiOS' from project 'Strand')
    cd /tmp/noop-audit-p0-settings-whoop-20260816
    builtin-copy -exclude .DS_Store -exclude CVS -exclude .svn -exclude .git -exclude .hg -resolve-src-symlinks -rename /tmp/noop-audit-p0-settings-whoop-20260816/DerivedData/Build/Intermediates.noindex/Strand.build/Debug-iphonesimulator/NOOPiOS.build/Objects-normal/arm64/NOOP.abi.json /tmp/noop-audit-p0-settings-whoop-20260816/DerivedData/Build/Products/Debug-iphonesimulator/NOOP.swiftmodule/arm64-apple-ios-simulator.abi.json

Copy /tmp/noop-audit-p0-settings-whoop-20260816/DerivedData/Build/Products/Debug-iphonesimulator/NOOP.swiftmodule/Project/arm64-apple-ios-simulator.swiftsourceinfo /tmp/noop-audit-p0-settings-whoop-20260816/DerivedData/Build/Intermediates.noindex/Strand.build/Debug-iphonesimulator/NOOPiOS.build/Objects-normal/arm64/NOOP.swiftsourceinfo (in target 'NOOPiOS' from project 'Strand')
    cd /tmp/noop-audit-p0-settings-whoop-20260816
    builtin-copy -exclude .DS_Store -exclude CVS -exclude .svn -exclude .git -exclude .hg -resolve-src-symlinks -rename /tmp/noop-audit-p0-settings-whoop-20260816/DerivedData/Build/Intermediates.noindex/Strand.build/Debug-iphonesimulator/NOOPiOS.build/Objects-normal/arm64/NOOP.swiftsourceinfo /tmp/noop-audit-p0-settings-whoop-20260816/DerivedData/Build/Products/Debug-iphonesimulator/NOOP.swiftmodule/Project/arm64-apple-ios-simulator.swiftsourceinfo

SwiftCompile normal arm64 Compiling\ BiofeedbackController.swift,\ BreathingView.swift,\ CaffeineLog.swift,\ CaffeineLogCard.swift,\ CanonicalHealthReadModel.swift,\ CanonicalTrendsRangeLoader.swift,\ ChargeBreakdownFormat.swift,\ CoachMarkdownTheme.swift,\ CoachView.swift,\ Collector.swift,\ Commands.swift,\ CommittedAnalysisRuns.swift,\ CompareView.swift,\ Component41QAGallery.swift,\ CoupledView.swift,\ CsvExport.swift,\ Custom.swift,\ DashboardCards.swift,\ DashboardCardsEditorSheet.swift,\ DashboardCatalogView.swift,\ DataBackup.swift,\ DataSourcesView.swift,\ DatedHealthMetricResolver.swift,\ DebouncedLogTailPersistence.swift /tmp/noop-audit-p0-settings-whoop-20260816/Strand/Screens/BiofeedbackController.swift /tmp/noop-audit-p0-settings-whoop-20260816/Strand/Screens/BreathingView.swift /tmp/noop-audit-p0-settings-whoop-20260816/Strand/Data/CaffeineLog.swift /tmp/noop-audit-p0-settings-whoop-20260816/Strand/Screens/CaffeineLogCard.swift /tmp/noop-audit-p0-settings-whoop-20260816/Strand/Data/CanonicalHealthReadModel.swift /tmp/noop-audit-p0-settings-whoop-20260816/Strand/Data/CanonicalTrendsRangeLoader.swift /tmp/noop-audit-p0-settings-whoop-20260816/Strand/Screens/ChargeBreakdownFormat.swift /tmp/noop-audit-p0-settings-whoop-20260816/Strand/Screens/CoachMarkdownTheme.swift /tmp/noop-audit-p0-settings-whoop-20260816/Strand/Screens/CoachView.swift /tmp/noop-audit-p0-settings-whoop-20260816/Strand/Collect/Collector.swift /tmp/noop-audit-p0-settings-whoop-20260816/Strand/BLE/Commands.swift /tmp/noop-audit-p0-settings-whoop-20260816/Strand/Data/CommittedAnalysisRuns.swift /tmp/noop-audit-p0-settings-whoop-20260816/Strand/Screens/CompareView.swift /tmp/noop-audit-p0-settings-whoop-20260816/StrandiOS/App/Component41QAGallery.swift /tmp/noop-audit-p0-settings-whoop-20260816/Strand/Screens/CoupledView.swift /tmp/noop-audit-p0-settings-whoop-20260816/Strand/Data/CsvExport.swift /tmp/noop-audit-p0-settings-whoop-20260816/Strand/AI/Providers/Custom.swift /tmp/noop-audit-p0-settings-whoop-20260816/Strand/Screens/DashboardCards.swift /tmp/noop-audit-p0-settings-whoop-20260816/Strand/Screens/DashboardCardsEditorSheet.swift /tmp/noop-audit-p0-settings-whoop-20260816/Strand/Screens/DashboardCatalogView.swift /tmp/noop-audit-p0-settings-whoop-20260816/Strand/Data/DataBackup.swift /tmp/noop-audit-p0-settings-whoop-20260816/Strand/Screens/DataSourcesView.swift /tmp/noop-audit-p0-settings-whoop-20260816/Strand/Data/DatedHealthMetricResolver.swift /tmp/noop-audit-p0-settings-whoop-20260816/Strand/BLE/DebouncedLogTailPersistence.swift (in target 'NOOPiOS' from project 'Strand')

SwiftCompile normal arm64 /tmp/noop-audit-p0-settings-whoop-20260816/Strand/Screens/BiofeedbackController.swift (in target 'NOOPiOS' from project 'Strand')
    cd /tmp/noop-audit-p0-settings-whoop-20260816
    

SwiftCompile normal arm64 /tmp/noop-audit-p0-settings-whoop-20260816/Strand/Screens/BreathingView.swift (in target 'NOOPiOS' from project 'Strand')
    cd /tmp/noop-audit-p0-settings-whoop-20260816
    

SwiftCompile normal arm64 /tmp/noop-audit-p0-settings-whoop-20260816/Strand/Data/CaffeineLog.swift (in target 'NOOPiOS' from project 'Strand')
    cd /tmp/noop-audit-p0-settings-whoop-20260816
    

SwiftCompile normal arm64 /tmp/noop-audit-p0-settings-whoop-20260816/Strand/Screens/CaffeineLogCard.swift (in target 'NOOPiOS' from project 'Strand')
    cd /tmp/noop-audit-p0-settings-whoop-20260816
    

SwiftCompile normal arm64 /tmp/noop-audit-p0-settings-whoop-20260816/Strand/Data/CanonicalHealthReadModel.swift (in target 'NOOPiOS' from project 'Strand')
    cd /tmp/noop-audit-p0-settings-whoop-20260816
    

SwiftCompile normal arm64 /tmp/noop-audit-p0-settings-whoop-20260816/Strand/Data/CanonicalTrendsRangeLoader.swift (in target 'NOOPiOS' from project 'Strand')
    cd /tmp/noop-audit-p0-settings-whoop-20260816
    

SwiftCompile normal arm64 /tmp/noop-audit-p0-settings-whoop-20260816/Strand/Screens/ChargeBreakdownFormat.swift (in target 'NOOPiOS' from project 'Strand')
    cd /tmp/noop-audit-p0-settings-whoop-20260816
    

SwiftCompile normal arm64 /tmp/noop-audit-p0-settings-whoop-20260816/Strand/Screens/CoachMarkdownTheme.swift (in target 'NOOPiOS' from project 'Strand')
    cd /tmp/noop-audit-p0-settings-whoop-20260816
    

SwiftCompile normal arm64 /tmp/noop-audit-p0-settings-whoop-20260816/Strand/Screens/CoachView.swift (in target 'NOOPiOS' from project 'Strand')
    cd /tmp/noop-audit-p0-settings-whoop-20260816
    

SwiftCompile normal arm64 /tmp/noop-audit-p0-settings-whoop-20260816/Strand/Collect/Collector.swift (in target 'NOOPiOS' from project 'Strand')
    cd /tmp/noop-audit-p0-settings-whoop-20260816
    

SwiftCompile normal arm64 /tmp/noop-audit-p0-settings-whoop-20260816/Strand/BLE/Commands.swift (in target 'NOOPiOS' from project 'Strand')
    cd /tmp/noop-audit-p0-settings-whoop-20260816
    

SwiftCompile normal arm64 /tmp/noop-audit-p0-settings-whoop-20260816/Strand/Data/CommittedAnalysisRuns.swift (in target 'NOOPiOS' from project 'Strand')
    cd /tmp/noop-audit-p0-settings-whoop-20260816
    

SwiftCompile normal arm64 /tmp/noop-audit-p0-settings-whoop-20260816/Strand/Screens/CompareView.swift (in target 'NOOPiOS' from project 'Strand')
    cd /tmp/noop-audit-p0-settings-whoop-20260816
    

SwiftCompile normal arm64 /tmp/noop-audit-p0-settings-whoop-20260816/StrandiOS/App/Component41QAGallery.swift (in target 'NOOPiOS' from project 'Strand')
    cd /tmp/noop-audit-p0-settings-whoop-20260816
    

SwiftCompile normal arm64 /tmp/noop-audit-p0-settings-whoop-20260816/Strand/Screens/CoupledView.swift (in target 'NOOPiOS' from project 'Strand')
    cd /tmp/noop-audit-p0-settings-whoop-20260816
    

SwiftCompile normal arm64 /tmp/noop-audit-p0-settings-whoop-20260816/Strand/Data/CsvExport.swift (in target 'NOOPiOS' from project 'Strand')
    cd /tmp/noop-audit-p0-settings-whoop-20260816
    

SwiftCompile normal arm64 /tmp/noop-audit-p0-settings-whoop-20260816/Strand/AI/Providers/Custom.swift (in target 'NOOPiOS' from project 'Strand')
    cd /tmp/noop-audit-p0-settings-whoop-20260816
    

SwiftCompile normal arm64 /tmp/noop-audit-p0-settings-whoop-20260816/Strand/Screens/DashboardCards.swift (in target 'NOOPiOS' from project 'Strand')
    cd /tmp/noop-audit-p0-settings-whoop-20260816
    

SwiftCompile normal arm64 /tmp/noop-audit-p0-settings-whoop-20260816/Strand/Screens/DashboardCardsEditorSheet.swift (in target 'NOOPiOS' from project 'Strand')
    cd /tmp/noop-audit-p0-settings-whoop-20260816
    

SwiftCompile normal arm64 /tmp/noop-audit-p0-settings-whoop-20260816/Strand/Screens/DashboardCatalogView.swift (in target 'NOOPiOS' from project 'Strand')
    cd /tmp/noop-audit-p0-settings-whoop-20260816
    

SwiftCompile normal arm64 /tmp/noop-audit-p0-settings-whoop-20260816/Strand/Data/DataBackup.swift (in target 'NOOPiOS' from project 'Strand')
    cd /tmp/noop-audit-p0-settings-whoop-20260816
    

SwiftCompile normal arm64 /tmp/noop-audit-p0-settings-whoop-20260816/Strand/Screens/DataSourcesView.swift (in target 'NOOPiOS' from project 'Strand')
    cd /tmp/noop-audit-p0-settings-whoop-20260816
    

SwiftCompile normal arm64 /tmp/noop-audit-p0-settings-whoop-20260816/Strand/Data/DatedHealthMetricResolver.swift (in target 'NOOPiOS' from project 'Strand')
    cd /tmp/noop-audit-p0-settings-whoop-20260816
    

SwiftCompile normal arm64 /tmp/noop-audit-p0-settings-whoop-20260816/Strand/BLE/DebouncedLogTailPersistence.swift (in target 'NOOPiOS' from project 'Strand')
    cd /tmp/noop-audit-p0-settings-whoop-20260816
    

SwiftDriverJobDiscovery normal arm64 Compiling VerifiedTodaySnapshotCommit.swift, VitalSignsSummary.swift, WearableImporter.swift, WeeklyDigestView.swift, WhatsNewView.swift, WhoopImporter.swift, WhoopModel.swift, WidgetEnrichmentCoordinator.swift, WidgetPublish.swift, WidgetSnapshot.swift, WidgetVerifiedEnvelope.swift, WiggleEffect.swift, WindDownNudge.swift, WorkoutCatalog.swift, WorkoutDetailView.swift, WorkoutHeartChartProjection.swift, WorkoutHeartRateRecoveryCard.swift, WorkoutLiveProjectionCache.swift, WorkoutSource.swift, WorkoutZones.swift, WorkoutsView.swift, XiaomiBandView.swift, XiaomiImporter.swift, GeneratedAssetSymbols.swift (in target 'NOOPiOS' from project 'Strand')

SwiftDriverJobDiscovery normal arm64 Compiling TodayLayoutPrefs.swift, TodaySnapshotPresentationPatch.swift, TodayView.swift, TodayWorkoutsView.swift, TrendPointExtremaSampler.swift, TrendsLoadIdentity.swift, TrendsLoadedData.swift, TrendsReportRenderer.swift, TrendsReportView.swift, TrendsSnapshotModels.swift, TrendsView+Preview.swift, TrendsView+SelectedRange.swift, TrendsView+WeeklyReview.swift, TrendsView.swift, Units.swift, UpdateChecker.swift, UpdateStore.swift, UpdatesInboxView.swift, V5PillarHosts.swift, VerifiedExternalSurfaceIntegration.swift, VerifiedHealthProjectionBuilder.swift, VerifiedProjectionGenerationStore.swift, VerifiedSinkBootstrapPolicy.swift, VerifiedSinkLifecycle.swift (in target 'NOOPiOS' from project 'Strand')

SwiftDriverJobDiscovery normal arm64 Compiling GpsWorkoutRecorder.swift, HRVSnapshotView.swift, HealthAlertBanner.swift, HealthKitBridge.swift, HealthKitSyncCoordinator.swift, HealthView.swift, HistoricalMigrationDriver.swift, HistoricalPipelineRuntime.swift, HowNoopWorksView.swift, HrBroadcaster.swift, HuamiHRSource.swift, HuamiHeartRate.swift, HydrationStore.swift, HydrationView.swift, IOSDiagnostics.swift, IOSVerifiedSinkLifecycle.swift, IllnessNotifier.swift, InsightsHubView.swift, InsightsView.swift, IntelligenceAnalysisCoordinator.swift, IntelligenceEngine.swift, IntelligenceRecoveryPersistenceReceipt.swift, IntelligenceView.swift, IntervalTimerView.swift (in target 'NOOPiOS' from project 'Strand')

SwiftDriverJobDiscovery normal arm64 Compiling JournalCatalog.swift, JournalLogCard.swift, KeyMetricPrefs.swift, KeyMetricsEditorSheet.swift, LabBookView.swift, LatestWinsLoadState.swift, LiveActivityAttributes.swift, LiveActivityController.swift, LiveSessionRunner.swift, LiveState+Battery.swift, LiveState+Log.swift, LiveState.swift, LiveUpdatePolicies.swift, LiveView.swift, LiveWorkoutView.swift, ManualWorkoutSheet.swift, MarkerEditorView.swift, MetricCatalog.swift, MetricExplorerView.swift, MindSection.swift, MissedSleepRecoveryCard.swift, MoodStore.swift, NOOPAppIntents.swift, NavRouter.swift (in target 'NOOPiOS' from project 'Strand')

SwiftDriverJobDiscovery normal arm64 Compiling AICoach.swift, AIProvider.swift, ActiveGpsWorkoutPersistence.swift, ActiveSinkEpochRecovery.swift, ActiveVerifiedSinkEpoch.swift, ActiveWorkoutPersistence.swift, AddDeviceWizard.swift, Anthropic.swift, AppHeaderChrome.swift, AppModel+SeededWhoopModel.swift, AppModel.swift, AppleDemoSeeder.swift, AppleHealthImport.swift, AppleHealthView.swift, AppleHealthWearableViews.swift, AppleWatchDevice.swift, AutoWorkoutCard.swift, AutomationsView.swift, BLEManager.swift, BackfillPolicy.swift, Backfiller.swift, BackupSync.swift, BackupSyncView.swift, BatteryNotifier.swift (in target 'NOOPiOS' from project 'Strand')

SwiftDriverJobDiscovery normal arm64 Compiling SmartAlarmRuntimeController.swift, SmartAlarmView.swift, SourceCoordinator.swift, SourcePrivacyCleanupBackgroundTaskRegistrar.swift, SourcePrivacyCleanupCoordinator.swift, SourceTransitionFence.swift, SparseTrendsLoadPlan.swift, StandardHRSource.swift, StorageView.swift, StorePaths.swift, StrandiOSApp.swift, StressCheckInCard.swift, StressPresentation.swift, StressView.swift, SupportView.swift, TermsGateView.swift, TestBundleAssembler.swift, TestBundleMeta.swift, TestCentre.swift, TestCentreReport.swift, TestCentreView.swift, TestReportFlow.swift, TestReportLink.swift, TodayDayBoundaryScheduler.swift (in target 'NOOPiOS' from project 'Strand')

SwiftDriverJobDiscovery normal arm64 Compiling BiofeedbackController.swift, BreathingView.swift, CaffeineLog.swift, CaffeineLogCard.swift, CanonicalHealthReadModel.swift, CanonicalTrendsRangeLoader.swift, ChargeBreakdownFormat.swift, CoachMarkdownTheme.swift, CoachView.swift, Collector.swift, Commands.swift, CommittedAnalysisRuns.swift, CompareView.swift, Component41QAGallery.swift, CoupledView.swift, CsvExport.swift, Custom.swift, DashboardCards.swift, DashboardCardsEditorSheet.swift, DashboardCatalogView.swift, DataBackup.swift, DataSourcesView.swift, DatedHealthMetricResolver.swift, DebouncedLogTailPersistence.swift (in target 'NOOPiOS' from project 'Strand')

SwiftDriverJobDiscovery normal arm64 Compiling RepositoryPostAnalysisSnapshotBuilder.swift, RepositoryRefreshIntent.swift, RepositoryRefreshV2.swift, RhythmView.swift, RootTabView.swift, ScoringGuideView.swift, ScreenScaffold.swift, SerializedLiveActivityCommands.swift, SettingsView.swift, ShortcutExportSettingsView.swift, ShortcutHealthExport.swift, ShortcutHealthImport.swift, SiriShortcutsSettingsView.swift, SkinTempCardsView.swift, SkinTemperatureTrace.swift, SleepAlarmEditorSection.swift, SleepMark.swift, SleepPerformanceV2Prefs.swift, SleepRecoveryEmptyStateBridge.swift, SleepView.swift, SmartAlarmBackgroundCompletionGate.swift, SmartAlarmBackgroundTaskRegistrar.swift, SmartAlarmCommandReconciler.swift, SmartAlarmEvidenceStore.swift (in target 'NOOPiOS' from project 'Strand')

SwiftDriver\ Compilation NOOPiOS normal arm64 com.apple.xcode.tools.swift.compiler (in target 'NOOPiOS' from project 'Strand')
    cd /tmp/noop-audit-p0-settings-whoop-20260816
    builtin-Swift-Compilation -- /Applications/Xcode.app/Contents/Developer/Toolchains/XcodeDefault.xctoolchain/usr/bin/swiftc -module-name NOOP -Onone @/tmp/noop-audit-p0-settings-whoop-20260816/DerivedData/Build/Intermediates.noindex/Strand.build/Debug-iphonesimulator/NOOPiOS.build/Objects-normal/arm64/NOOP.SwiftFileList -DDEBUG -Xcc -fmodule-map-file\=/tmp/noop-audit-p0-settings-whoop-20260816/DerivedData/SourcePackages/checkouts/GRDB.swift/Sources/CSQLite/module.modulemap -enable-experimental-feature DebugDescriptionMacro -sdk /Applications/Xcode.app/Contents/Developer/Platforms/iPhoneSimulator.platform/Developer/SDKs/iPhoneSimulator26.5.sdk -target arm64-apple-ios17.0-simulator -g -module-cache-path /tmp/noop-audit-p0-settings-whoop-20260816/DerivedData/ModuleCache.noindex -Xfrontend -serialize-debugging-options -enable-testing -warnings-as-errors -index-store-path /tmp/noop-audit-p0-settings-whoop-20260816/DerivedData/Index.noindex/DataStore -Xcc -D_LIBCPP_HARDENING_MODE\=_LIBCPP_HARDENING_MODE_DEBUG -swift-version 6 -I /tmp/noop-audit-p0-settings-whoop-20260816/DerivedData/Build/Products/Debug-iphonesimulator -F /tmp/noop-audit-p0-settings-whoop-20260816/DerivedData/Build/Products/Debug-iphonesimulator/PackageFrameworks -F /tmp/noop-audit-p0-settings-whoop-20260816/DerivedData/Build/Products/Debug-iphonesimulator/PackageFrameworks -F /tmp/noop-audit-p0-settings-whoop-20260816/DerivedData/Build/Products/Debug-iphonesimulator/PackageFrameworks -F /tmp/noop-audit-p0-settings-whoop-20260816/DerivedData/Build/Products/Debug-iphonesimulator/PackageFrameworks -F /tmp/noop-audit-p0-settings-whoop-20260816/DerivedData/Build/Products/Debug-iphonesimulator/PackageFrameworks -F /tmp/noop-audit-p0-settings-whoop-20260816/DerivedData/Build/Products/Debug-iphonesimulator/PackageFrameworks -F /tmp/noop-audit-p0-settings-whoop-20260816/DerivedData/Build/Products/Debug-iphonesimulator/PackageFrameworks -F /tmp/noop-audit-p0-settings-whoop-20260816/DerivedData/Build/Products/Debug-iphonesimulator/PackageFrameworks -F /tmp/noop-audit-p0-settings-whoop-20260816/DerivedData/Build/Products/Debug-iphonesimulator/PackageFrameworks -F /tmp/noop-audit-p0-settings-whoop-20260816/DerivedData/Build/Products/Debug-iphonesimulator/PackageFrameworks -F /tmp/noop-audit-p0-settings-whoop-20260816/DerivedData/Build/Products/Debug-iphonesimulator/PackageFrameworks -F /tmp/noop-audit-p0-settings-whoop-20260816/DerivedData/Build/Products/Debug-iphonesimulator/PackageFrameworks -F /tmp/noop-audit-p0-settings-whoop-20260816/DerivedData/Build/Products/Debug-iphonesimulator/PackageFrameworks -F /tmp/noop-audit-p0-settings-whoop-20260816/DerivedData/Build/Products/Debug-iphonesimulator -emit-localized-strings -emit-localized-strings-path /tmp/noop-audit-p0-settings-whoop-20260816/DerivedData/Build/Intermediates.noindex/Strand.build/Debug-iphonesimulator/NOOPiOS.build/Objects-normal/arm64 -c -j8 -enable-batch-mode -incremental -Xcc -ivfsstatcache -Xcc /tmp/noop-audit-p0-settings-whoop-20260816/DerivedData/SDKStatCaches.noindex/iphonesimulator26.5-23F81a-6cfe768891a92b912361537c460fe42b.sdkstatcache -output-file-map /tmp/noop-audit-p0-settings-whoop-20260816/DerivedData/Build/Intermediates.noindex/Strand.build/Debug-iphonesimulator/NOOPiOS.build/Objects-normal/arm64/NOOPiOS-OutputFileMap.json -use-frontend-parseable-output -save-temps -no-color-diagnostics -explicit-module-build -module-cache-path /tmp/noop-audit-p0-settings-whoop-20260816/DerivedData/Build/Intermediates.noindex/SwiftExplicitPrecompiledModules -clang-scanner-module-cache-path /tmp/noop-audit-p0-settings-whoop-20260816/DerivedData/ModuleCache.noindex -sdk-module-cache-path /tmp/noop-audit-p0-settings-whoop-20260816/DerivedData/ModuleCache.noindex -serialize-diagnostics -emit-dependencies -emit-module -emit-module-path /tmp/noop-audit-p0-settings-whoop-20260816/DerivedData/Build/Intermediates.noindex/Strand.build/Debug-iphonesimulator/NOOPiOS.build/Objects-normal/arm64/NOOP.swiftmodule -validate-clang-modules-once -clang-build-session-file /tmp/noop-audit-p0-settings-whoop-20260816/DerivedData/ModuleCache.noindex/Session.modulevalidation -Xcc -I/tmp/noop-audit-p0-settings-whoop-20260816/DerivedData/Build/Intermediates.noindex/Strand.build/Debug-iphonesimulator/NOOPiOS.build/swift-overrides.hmap -emit-const-values -Xfrontend -const-gather-protocols-file -Xfrontend /tmp/noop-audit-p0-settings-whoop-20260816/DerivedData/Build/Intermediates.noindex/Strand.build/Debug-iphonesimulator/NOOPiOS.build/Objects-normal/arm64/NOOPiOS_const_extract_protocols.json -Xcc -iquote -Xcc /tmp/noop-audit-p0-settings-whoop-20260816/DerivedData/Build/Intermediates.noindex/Strand.build/Debug-iphonesimulator/NOOPiOS.build/NOOP-generated-files.hmap -Xcc -I/tmp/noop-audit-p0-settings-whoop-20260816/DerivedData/Build/Intermediates.noindex/Strand.build/Debug-iphonesimulator/NOOPiOS.build/NOOP-own-target-headers.hmap -Xcc -I/tmp/noop-audit-p0-settings-whoop-20260816/DerivedData/Build/Intermediates.noindex/Strand.build/Debug-iphonesimulator/NOOPiOS.build/NOOP-all-non-framework-target-headers.hmap -Xcc -ivfsoverlay -Xcc /tmp/noop-audit-p0-settings-whoop-20260816/DerivedData/Build/Intermediates.noindex/Strand.build/Debug-iphonesimulator/Strand-b8a229635ad384b8b8be1d2fb8c96d4b-VFS-iphonesimulator/all-product-headers.yaml -Xcc -iquote -Xcc /tmp/noop-audit-p0-settings-whoop-20260816/DerivedData/Build/Intermediates.noindex/Strand.build/Debug-iphonesimulator/NOOPiOS.build/NOOP-project-headers.hmap -Xcc -I/tmp/noop-audit-p0-settings-whoop-20260816/DerivedData/SourcePackages/checkouts/swift-cmark/src/include -Xcc -I/tmp/noop-audit-p0-settings-whoop-20260816/DerivedData/SourcePackages/checkouts/swift-cmark/extensions/include -Xcc -I/tmp/noop-audit-p0-settings-whoop-20260816/DerivedData/Build/Products/Debug-iphonesimulator/include -Xcc -I/tmp/noop-audit-p0-settings-whoop-20260816/DerivedData/Build/Intermediates.noindex/Strand.build/Debug-iphonesimulator/NOOPiOS.build/DerivedSources-normal/arm64 -Xcc -I/tmp/noop-audit-p0-settings-whoop-20260816/DerivedData/Build/Intermediates.noindex/Strand.build/Debug-iphonesimulator/NOOPiOS.build/DerivedSources/arm64 -Xcc -I/tmp/noop-audit-p0-settings-whoop-20260816/DerivedData/Build/Intermediates.noindex/Strand.build/Debug-iphonesimulator/NOOPiOS.build/DerivedSources -Xcc -DDEBUG\=1 -emit-objc-header -emit-objc-header-path /tmp/noop-audit-p0-settings-whoop-20260816/DerivedData/Build/Intermediates.noindex/Strand.build/Debug-iphonesimulator/NOOPiOS.build/Objects-normal/arm64/NOOP-Swift.h -working-directory /tmp/noop-audit-p0-settings-whoop-20260816 -experimental-emit-module-separately -disable-cmo

Ld /tmp/noop-audit-p0-settings-whoop-20260816/DerivedData/Build/Products/Debug-iphonesimulator/NOOP.app/NOOP.debug.dylib normal (in target 'NOOPiOS' from project 'Strand')
    cd /tmp/noop-audit-p0-settings-whoop-20260816
    /Applications/Xcode.app/Contents/Developer/Toolchains/XcodeDefault.xctoolchain/usr/bin/clang -Xlinker -reproducible -target arm64-apple-ios17.0-simulator -dynamiclib -isysroot /Applications/Xcode.app/Contents/Developer/Platforms/iPhoneSimulator.platform/Developer/SDKs/iPhoneSimulator26.5.sdk -O0 -L/tmp/noop-audit-p0-settings-whoop-20260816/DerivedData/Build/Intermediates.noindex/EagerLinkingTBDs/Debug-iphonesimulator -L/tmp/noop-audit-p0-settings-whoop-20260816/DerivedData/Build/Products/Debug-iphonesimulator -F/tmp/noop-audit-p0-settings-whoop-20260816/DerivedData/Build/Intermediates.noindex/EagerLinkingTBDs/Debug-iphonesimulator -F/tmp/noop-audit-p0-settings-whoop-20260816/DerivedData/Build/Products/Debug-iphonesimulator/PackageFrameworks -F/tmp/noop-audit-p0-settings-whoop-20260816/DerivedData/Build/Products/Debug-iphonesimulator/PackageFrameworks -F/tmp/noop-audit-p0-settings-whoop-20260816/DerivedData/Build/Products/Debug-iphonesimulator/PackageFrameworks -F/tmp/noop-audit-p0-settings-whoop-20260816/DerivedData/Build/Products/Debug-iphonesimulator/PackageFrameworks -F/tmp/noop-audit-p0-settings-whoop-20260816/DerivedData/Build/Products/Debug-iphonesimulator/PackageFrameworks -F/tmp/noop-audit-p0-settings-whoop-20260816/DerivedData/Build/Products/Debug-iphonesimulator/PackageFrameworks -F/tmp/noop-audit-p0-settings-whoop-20260816/DerivedData/Build/Products/Debug-iphonesimulator/PackageFrameworks -F/tmp/noop-audit-p0-settings-whoop-20260816/DerivedData/Build/Products/Debug-iphonesimulator/PackageFrameworks -F/tmp/noop-audit-p0-settings-whoop-20260816/DerivedData/Build/Products/Debug-iphonesimulator/PackageFrameworks -F/tmp/noop-audit-p0-settings-whoop-20260816/DerivedData/Build/Products/Debug-iphonesimulator/PackageFrameworks -F/tmp/noop-audit-p0-settings-whoop-20260816/DerivedData/Build/Products/Debug-iphonesimulator/PackageFrameworks -F/tmp/noop-audit-p0-settings-whoop-20260816/DerivedData/Build/Products/Debug-iphonesimulator/PackageFrameworks -F/tmp/noop-audit-p0-settings-whoop-20260816/DerivedData/Build/Products/Debug-iphonesimulator/PackageFrameworks -F/tmp/noop-audit-p0-settings-whoop-20260816/DerivedData/Build/Products/Debug-iphonesimulator -filelist /tmp/noop-audit-p0-settings-whoop-20260816/DerivedData/Build/Intermediates.noindex/Strand.build/Debug-iphonesimulator/NOOPiOS.build/Objects-normal/arm64/NOOP.LinkFileList -install_name @rpath/NOOP.debug.dylib -Xlinker -rpath -Xlinker /usr/lib/swift -Xlinker -rpath -Xlinker /tmp/noop-audit-p0-settings-whoop-20260816/DerivedData/Build/Products/Debug-iphonesimulator/PackageFrameworks -Xlinker -rpath -Xlinker @executable_path/Frameworks -Xlinker -dead_strip -Xlinker -object_path_lto -Xlinker /tmp/noop-audit-p0-settings-whoop-20260816/DerivedData/Build/Intermediates.noindex/Strand.build/Debug-iphonesimulator/NOOPiOS.build/Objects-normal/arm64/NOOP_lto.o -rdynamic -Xlinker -no_deduplicate -Xlinker -objc_abi_version -Xlinker 2 -Xlinker -dependency_info -Xlinker /tmp/noop-audit-p0-settings-whoop-20260816/DerivedData/Build/Intermediates.noindex/Strand.build/Debug-iphonesimulator/NOOPiOS.build/Objects-normal/arm64/NOOP_dependency_info.dat -fobjc-link-runtime -L/Applications/Xcode.app/Contents/Developer/Toolchains/XcodeDefault.xctoolchain/usr/lib/swift/iphonesimulator -L/usr/lib/swift -Xlinker -add_ast_path -Xlinker /tmp/noop-audit-p0-settings-whoop-20260816/DerivedData/Build/Intermediates.noindex/Strand.build/Debug-iphonesimulator/NOOPiOS.build/Objects-normal/arm64/NOOP.swiftmodule @/tmp/noop-audit-p0-settings-whoop-20260816/DerivedData/Build/Intermediates.noindex/Strand.build/Debug-iphonesimulator/NOOPiOS.build/Objects-normal/arm64/NOOP-linker-args.resp -Wl,-no_warn_duplicate_libraries -Wl,-no_warn_duplicate_libraries -Wl,-no_warn_duplicate_libraries -Wl,-no_warn_duplicate_libraries -Wl,-no_warn_duplicate_libraries -Wl,-no_warn_duplicate_libraries -Wl,-no_warn_duplicate_libraries -Wl,-no_warn_duplicate_libraries -Wl,-no_warn_duplicate_libraries -Wl,-no_warn_duplicate_libraries -Wl,-no_warn_duplicate_libraries -Wl,-no_warn_duplicate_libraries -Wl,-no_warn_duplicate_libraries -Xlinker -alias -Xlinker _main -Xlinker ___debug_main_executable_dylib_entry_point -Xlinker -no_adhoc_codesign -o /tmp/noop-audit-p0-settings-whoop-20260816/DerivedData/Build/Products/Debug-iphonesimulator/NOOP.app/NOOP.debug.dylib -Xlinker -add_ast_path -Xlinker /tmp/noop-audit-p0-settings-whoop-20260816/DerivedData/Build/Intermediates.noindex/WhoopProtocol.build/Debug-iphonesimulator/WhoopProtocol.build/Objects-normal/arm64/WhoopProtocol.swiftmodule @/tmp/noop-audit-p0-settings-whoop-20260816/DerivedData/Build/Intermediates.noindex/WhoopProtocol.build/Debug-iphonesimulator/WhoopProtocol.build/Objects-normal/arm64/WhoopProtocol-linker-args.resp -Xlinker -add_ast_path -Xlinker /tmp/noop-audit-p0-settings-whoop-20260816/DerivedData/Build/Intermediates.noindex/WhoopStore.build/Debug-iphonesimulator/WhoopStore.build/Objects-normal/arm64/WhoopStore.swiftmodule @/tmp/noop-audit-p0-settings-whoop-20260816/DerivedData/Build/Intermediates.noindex/WhoopStore.build/Debug-iphonesimulator/WhoopStore.build/Objects-normal/arm64/WhoopStore-linker-args.resp -Xlinker -add_ast_path -Xlinker /tmp/noop-audit-p0-settings-whoop-20260816/DerivedData/Build/Intermediates.noindex/OuraProtocol.build/Debug-iphonesimulator/OuraProtocol.build/Objects-normal/arm64/OuraProtocol.swiftmodule @/tmp/noop-audit-p0-settings-whoop-20260816/DerivedData/Build/Intermediates.noindex/OuraProtocol.build/Debug-iphonesimulator/OuraProtocol.build/Objects-normal/arm64/OuraProtocol-linker-args.resp -Xlinker -add_ast_path -Xlinker /tmp/noop-audit-p0-settings-whoop-20260816/DerivedData/Build/Intermediates.noindex/NoopPhase34Core.build/Debug-iphonesimulator/NoopPhase34Core.build/Objects-normal/arm64/NoopPhase34Core.swiftmodule @/tmp/noop-audit-p0-settings-whoop-20260816/DerivedData/Build/Intermediates.noindex/NoopPhase34Core.build/Debug-iphonesimulator/NoopPhase34Core.build/Objects-normal/arm64/NoopPhase34Core-linker-args.resp -Xlinker -add_ast_path -Xlinker /tmp/noop-audit-p0-settings-whoop-20260816/DerivedData/Build/Intermediates.noindex/GRDB.build/Debug-iphonesimulator/GRDB.build/Objects-normal/arm64/GRDB.swiftmodule @/tmp/noop-audit-p0-settings-whoop-20260816/DerivedData/Build/Intermediates.noindex/GRDB.build/Debug-iphonesimulator/GRDB.build/Objects-normal/arm64/GRDB-linker-args.resp -Xlinker -add_ast_path -Xlinker /tmp/noop-audit-p0-settings-whoop-20260816/DerivedData/Build/Intermediates.noindex/StrandAnalytics.build/Debug-iphonesimulator/StrandAnalytics.build/Objects-normal/arm64/StrandAnalytics.swiftmodule @/tmp/noop-audit-p0-settings-whoop-20260816/DerivedData/Build/Intermediates.noindex/StrandAnalytics.build/Debug-iphonesimulator/StrandAnalytics.build/Objects-normal/arm64/StrandAnalytics-linker-args.resp -Xlinker -add_ast_path -Xlinker /tmp/noop-audit-p0-settings-whoop-20260816/DerivedData/Build/Intermediates.noindex/StrandImport.build/Debug-iphonesimulator/StrandImport.build/Objects-normal/arm64/StrandImport.swiftmodule @/tmp/noop-audit-p0-settings-whoop-20260816/DerivedData/Build/Intermediates.noindex/StrandImport.build/Debug-iphonesimulator/StrandImport.build/Objects-normal/arm64/StrandImport-linker-args.resp -Xlinker -add_ast_path -Xlinker /tmp/noop-audit-p0-settings-whoop-20260816/DerivedData/Build/Intermediates.noindex/ZIPFoundation.build/Debug-iphonesimulator/ZIPFoundation.build/Objects-normal/arm64/ZIPFoundation.swiftmodule @/tmp/noop-audit-p0-settings-whoop-20260816/DerivedData/Build/Intermediates.noindex/ZIPFoundation.build/Debug-iphonesimulator/ZIPFoundation.build/Objects-normal/arm64/ZIPFoundation-linker-args.resp -Xlinker -add_ast_path -Xlinker /tmp/noop-audit-p0-settings-whoop-20260816/DerivedData/Build/Intermediates.noindex/StrandDesign.build/Debug-iphonesimulator/StrandDesign.build/Objects-normal/arm64/StrandDesign.swiftmodule @/tmp/noop-audit-p0-settings-whoop-20260816/DerivedData/Build/Intermediates.noindex/StrandDesign.build/Debug-iphonesimulator/StrandDesign.build/Objects-normal/arm64/StrandDesign-linker-args.resp -Xlinker -add_ast_path -Xlinker /tmp/noop-audit-p0-settings-whoop-20260816/DerivedData/Build/Intermediates.noindex/swift-markdown-ui.build/Debug-iphonesimulator/MarkdownUI.build/Objects-normal/arm64/MarkdownUI.swiftmodule @/tmp/noop-audit-p0-settings-whoop-20260816/DerivedData/Build/Intermediates.noindex/swift-markdown-ui.build/Debug-iphonesimulator/MarkdownUI.build/Objects-normal/arm64/MarkdownUI-linker-args.resp -Xlinker -add_ast_path -Xlinker /tmp/noop-audit-p0-settings-whoop-20260816/DerivedData/Build/Intermediates.noindex/NetworkImage.build/Debug-iphonesimulator/NetworkImage.build/Objects-normal/arm64/NetworkImage.swiftmodule @/tmp/noop-audit-p0-settings-whoop-20260816/DerivedData/Build/Intermediates.noindex/NetworkImage.build/Debug-iphonesimulator/NetworkImage.build/Objects-normal/arm64/NetworkImage-linker-args.resp

ConstructStubExecutorLinkFileList /tmp/noop-audit-p0-settings-whoop-20260816/DerivedData/Build/Intermediates.noindex/Strand.build/Debug-iphonesimulator/NOOPiOS.build/NOOP-ExecutorLinkFileList-normal-arm64.txt (in target 'NOOPiOS' from project 'Strand')
    cd /tmp/noop-audit-p0-settings-whoop-20260816
    construct-stub-executor-link-file-list /tmp/noop-audit-p0-settings-whoop-20260816/DerivedData/Build/Products/Debug-iphonesimulator/NOOP.app/NOOP.debug.dylib /Applications/Xcode.app/Contents/Developer/Platforms/iPhoneSimulator.platform/Developer/usr/lib/libPreviewsJITStubExecutor_no_swift_entry_point.a /Applications/Xcode.app/Contents/Developer/Platforms/iPhoneSimulator.platform/Developer/usr/lib/libPreviewsJITStubExecutor.a --output /tmp/noop-audit-p0-settings-whoop-20260816/DerivedData/Build/Intermediates.noindex/Strand.build/Debug-iphonesimulator/NOOPiOS.build/NOOP-ExecutorLinkFileList-normal-arm64.txt
note: Using stub executor library with Swift entry point. (in target 'NOOPiOS' from project 'Strand')

Ld /tmp/noop-audit-p0-settings-whoop-20260816/DerivedData/Build/Products/Debug-iphonesimulator/NOOP.app/NOOP normal (in target 'NOOPiOS' from project 'Strand')
    cd /tmp/noop-audit-p0-settings-whoop-20260816
    /Applications/Xcode.app/Contents/Developer/Toolchains/XcodeDefault.xctoolchain/usr/bin/clang -Xlinker -reproducible -target arm64-apple-ios17.0-simulator -isysroot /Applications/Xcode.app/Contents/Developer/Platforms/iPhoneSimulator.platform/Developer/SDKs/iPhoneSimulator26.5.sdk -O0 -L/tmp/noop-audit-p0-settings-whoop-20260816/DerivedData/Build/Products/Debug-iphonesimulator -F/tmp/noop-audit-p0-settings-whoop-20260816/DerivedData/Build/Products/Debug-iphonesimulator/PackageFrameworks -F/tmp/noop-audit-p0-settings-whoop-20260816/DerivedData/Build/Products/Debug-iphonesimulator/PackageFrameworks -F/tmp/noop-audit-p0-settings-whoop-20260816/DerivedData/Build/Products/Debug-iphonesimulator/PackageFrameworks -F/tmp/noop-audit-p0-settings-whoop-20260816/DerivedData/Build/Products/Debug-iphonesimulator/PackageFrameworks -F/tmp/noop-audit-p0-settings-whoop-20260816/DerivedData/Build/Products/Debug-iphonesimulator/PackageFrameworks -F/tmp/noop-audit-p0-settings-whoop-20260816/DerivedData/Build/Products/Debug-iphonesimulator/PackageFrameworks -F/tmp/noop-audit-p0-settings-whoop-20260816/DerivedData/Build/Products/Debug-iphonesimulator/PackageFrameworks -F/tmp/noop-audit-p0-settings-whoop-20260816/DerivedData/Build/Products/Debug-iphonesimulator/PackageFrameworks -F/tmp/noop-audit-p0-settings-whoop-20260816/DerivedData/Build/Products/Debug-iphonesimulator/PackageFrameworks -F/tmp/noop-audit-p0-settings-whoop-20260816/DerivedData/Build/Products/Debug-iphonesimulator/PackageFrameworks -F/tmp/noop-audit-p0-settings-whoop-20260816/DerivedData/Build/Products/Debug-iphonesimulator/PackageFrameworks -F/tmp/noop-audit-p0-settings-whoop-20260816/DerivedData/Build/Products/Debug-iphonesimulator/PackageFrameworks -F/tmp/noop-audit-p0-settings-whoop-20260816/DerivedData/Build/Products/Debug-iphonesimulator/PackageFrameworks -F/tmp/noop-audit-p0-settings-whoop-20260816/DerivedData/Build/Products/Debug-iphonesimulator -Xlinker -rpath -Xlinker @executable_path -Xlinker -rpath -Xlinker /tmp/noop-audit-p0-settings-whoop-20260816/DerivedData/Build/Products/Debug-iphonesimulator/PackageFrameworks -Xlinker -rpath -Xlinker @executable_path/Frameworks -rdynamic -Xlinker -no_deduplicate -Xlinker -objc_abi_version -Xlinker 2 -e ___debug_blank_executor_main -Xlinker -sectcreate -Xlinker __TEXT -Xlinker __debug_dylib -Xlinker /tmp/noop-audit-p0-settings-whoop-20260816/DerivedData/Build/Intermediates.noindex/Strand.build/Debug-iphonesimulator/NOOPiOS.build/NOOP-DebugDylibPath-normal-arm64.txt -Xlinker -sectcreate -Xlinker __TEXT -Xlinker __debug_instlnm -Xlinker /tmp/noop-audit-p0-settings-whoop-20260816/DerivedData/Build/Intermediates.noindex/Strand.build/Debug-iphonesimulator/NOOPiOS.build/NOOP-DebugDylibInstallName-normal-arm64.txt -Xlinker -filelist -Xlinker /tmp/noop-audit-p0-settings-whoop-20260816/DerivedData/Build/Intermediates.noindex/Strand.build/Debug-iphonesimulator/NOOPiOS.build/NOOP-ExecutorLinkFileList-normal-arm64.txt -Xlinker -sectcreate -Xlinker __TEXT -Xlinker __entitlements -Xlinker /tmp/noop-audit-p0-settings-whoop-20260816/DerivedData/Build/Intermediates.noindex/Strand.build/Debug-iphonesimulator/NOOPiOS.build/NOOP.app-Simulated.xcent -Xlinker -sectcreate -Xlinker __TEXT -Xlinker __ents_der -Xlinker /tmp/noop-audit-p0-settings-whoop-20260816/DerivedData/Build/Intermediates.noindex/Strand.build/Debug-iphonesimulator/NOOPiOS.build/NOOP.app-Simulated.xcent.der /tmp/noop-audit-p0-settings-whoop-20260816/DerivedData/Build/Products/Debug-iphonesimulator/NOOP.app/NOOP.debug.dylib -Xlinker -no_adhoc_codesign -o /tmp/noop-audit-p0-settings-whoop-20260816/DerivedData/Build/Products/Debug-iphonesimulator/NOOP.app/NOOP

Copy /tmp/noop-audit-p0-settings-whoop-20260816/DerivedData/Build/Products/Debug-iphonesimulator/NOOP.app/PlugIns/NOOPWidgets.appex /tmp/noop-audit-p0-settings-whoop-20260816/DerivedData/Build/Products/Debug-iphonesimulator/NOOPWidgets.appex (in target 'NOOPiOS' from project 'Strand')
    cd /tmp/noop-audit-p0-settings-whoop-20260816
    builtin-copy -exclude .DS_Store -exclude CVS -exclude .svn -exclude .git -exclude .hg -exclude Headers -exclude PrivateHeaders -exclude Modules -exclude \*.tbd -resolve-src-symlinks -remove-static-executable /tmp/noop-audit-p0-settings-whoop-20260816/DerivedData/Build/Products/Debug-iphonesimulator/NOOPWidgets.appex /tmp/noop-audit-p0-settings-whoop-20260816/DerivedData/Build/Products/Debug-iphonesimulator/NOOP.app/PlugIns

CopySwiftLibs /tmp/noop-audit-p0-settings-whoop-20260816/DerivedData/Build/Products/Debug-iphonesimulator/NOOP.app (in target 'NOOPiOS' from project 'Strand')
    cd /tmp/noop-audit-p0-settings-whoop-20260816
    builtin-swiftStdLibTool --copy --verbose --sign - --scan-executable /tmp/noop-audit-p0-settings-whoop-20260816/DerivedData/Build/Products/Debug-iphonesimulator/NOOP.app/NOOP.debug.dylib --scan-folder /tmp/noop-audit-p0-settings-whoop-20260816/DerivedData/Build/Products/Debug-iphonesimulator/NOOP.app/Frameworks --scan-folder /tmp/noop-audit-p0-settings-whoop-20260816/DerivedData/Build/Products/Debug-iphonesimulator/NOOP.app/PlugIns --scan-folder /tmp/noop-audit-p0-settings-whoop-20260816/DerivedData/Build/Products/Debug-iphonesimulator/NOOP.app/SystemExtensions --scan-folder /tmp/noop-audit-p0-settings-whoop-20260816/DerivedData/Build/Products/Debug-iphonesimulator/NOOP.app/Extensions --platform iphonesimulator --toolchain /Applications/Xcode.app/Contents/Developer/Toolchains/XcodeDefault.xctoolchain --destination /tmp/noop-audit-p0-settings-whoop-20260816/DerivedData/Build/Products/Debug-iphonesimulator/NOOP.app/Frameworks --strip-bitcode --strip-bitcode-tool /Applications/Xcode.app/Contents/Developer/Toolchains/XcodeDefault.xctoolchain/usr/bin/bitcode_strip --emit-dependency-info /tmp/noop-audit-p0-settings-whoop-20260816/DerivedData/Build/Intermediates.noindex/Strand.build/Debug-iphonesimulator/NOOPiOS.build/SwiftStdLibToolInputDependencies.dep --filter-for-swift-os

ProcessInfoPlistFile /tmp/noop-audit-p0-settings-whoop-20260816/DerivedData/Build/Products/Debug-iphonesimulator/NOOP.app/Info.plist /tmp/noop-audit-p0-settings-whoop-20260816/StrandiOS/Resources/Info.plist (in target 'NOOPiOS' from project 'Strand')
    cd /tmp/noop-audit-p0-settings-whoop-20260816
    builtin-infoPlistUtility /tmp/noop-audit-p0-settings-whoop-20260816/StrandiOS/Resources/Info.plist -producttype com.apple.product-type.application -genpkginfo /tmp/noop-audit-p0-settings-whoop-20260816/DerivedData/Build/Products/Debug-iphonesimulator/NOOP.app/PkgInfo -expandbuildsettings -format binary -platform iphonesimulator -additionalcontentfile /tmp/noop-audit-p0-settings-whoop-20260816/DerivedData/Build/Intermediates.noindex/Strand.build/Debug-iphonesimulator/NOOPiOS.build/assetcatalog_generated_info.plist -scanforprivacyfile /tmp/noop-audit-p0-settings-whoop-20260816/DerivedData/Build/Products/Debug-iphonesimulator/NOOP.app/GRDB_GRDB.bundle -scanforprivacyfile /tmp/noop-audit-p0-settings-whoop-20260816/DerivedData/Build/Products/Debug-iphonesimulator/NOOP.app/PlugIns/NOOPWidgets.appex -scanforprivacyfile /tmp/noop-audit-p0-settings-whoop-20260816/DerivedData/Build/Products/Debug-iphonesimulator/NOOP.app/StrandDesign_StrandDesign.bundle -scanforprivacyfile /tmp/noop-audit-p0-settings-whoop-20260816/DerivedData/Build/Products/Debug-iphonesimulator/NOOP.app/WhoopProtocol_WhoopProtocol.bundle -scanforprivacyfile /tmp/noop-audit-p0-settings-whoop-20260816/DerivedData/Build/Products/Debug-iphonesimulator/NOOP.app/ZIPFoundation_ZIPFoundation.bundle -o /tmp/noop-audit-p0-settings-whoop-20260816/DerivedData/Build/Products/Debug-iphonesimulator/NOOP.app/Info.plist

ExtractAppIntentsMetadata (in target 'NOOPiOS' from project 'Strand')
    cd /tmp/noop-audit-p0-settings-whoop-20260816
    /Applications/Xcode.app/Contents/Developer/Toolchains/XcodeDefault.xctoolchain/usr/bin/appintentsmetadataprocessor --toolchain-dir /Applications/Xcode.app/Contents/Developer/Toolchains/XcodeDefault.xctoolchain --module-name NOOP --sdk-root /Applications/Xcode.app/Contents/Developer/Platforms/iPhoneSimulator.platform/Developer/SDKs/iPhoneSimulator26.5.sdk --xcode-version 17F113 --platform-family iOS --deployment-target 17.0 --bundle-identifier com.eastonplace.noop --output /tmp/noop-audit-p0-settings-whoop-20260816/DerivedData/Build/Products/Debug-iphonesimulator/NOOP.app --target-triple arm64-apple-ios17.0-simulator --binary-file /tmp/noop-audit-p0-settings-whoop-20260816/DerivedData/Build/Products/Debug-iphonesimulator/NOOP.app/NOOP --dependency-file /tmp/noop-audit-p0-settings-whoop-20260816/DerivedData/Build/Intermediates.noindex/Strand.build/Debug-iphonesimulator/NOOPiOS.build/Objects-normal/arm64/NOOP_dependency_info.dat --stringsdata-file /tmp/noop-audit-p0-settings-whoop-20260816/DerivedData/Build/Intermediates.noindex/Strand.build/Debug-iphonesimulator/NOOPiOS.build/Objects-normal/arm64/ExtractedAppShortcutsMetadata.stringsdata --source-file-list /tmp/noop-audit-p0-settings-whoop-20260816/DerivedData/Build/Intermediates.noindex/Strand.build/Debug-iphonesimulator/NOOPiOS.build/Objects-normal/arm64/NOOP.SwiftFileList --metadata-file-list /tmp/noop-audit-p0-settings-whoop-20260816/DerivedData/Build/Intermediates.noindex/Strand.build/Debug-iphonesimulator/NOOPiOS.build/NOOP.DependencyMetadataFileList --static-metadata-file-list /tmp/noop-audit-p0-settings-whoop-20260816/DerivedData/Build/Intermediates.noindex/Strand.build/Debug-iphonesimulator/NOOPiOS.build/NOOP.DependencyStaticMetadataFileList --swift-const-vals-list /tmp/noop-audit-p0-settings-whoop-20260816/DerivedData/Build/Intermediates.noindex/Strand.build/Debug-iphonesimulator/NOOPiOS.build/Objects-normal/arm64/NOOP.SwiftConstValuesFileList --compile-time-extraction --deployment-aware-processing --validate-assistant-intents --no-app-shortcuts-localization
2026-08-16 18:27:58.159 appintentsmetadataprocessor[5508:5321393] Starting appintentsmetadataprocessor export
2026-08-16 18:27:58.186 appintentsmetadataprocessor[5508:5321393] Writing Metadata.appintents
2026-08-16 18:27:58.186 appintentsmetadataprocessor[5508:5321393] Metadata root: /tmp/noop-audit-p0-settings-whoop-20260816/DerivedData/Build/Products/Debug-iphonesimulator/NOOP.app/Metadata.appintents

AppIntentsSSUTraining (in target 'NOOPiOS' from project 'Strand')
    cd /tmp/noop-audit-p0-settings-whoop-20260816
    /Applications/Xcode.app/Contents/Developer/Toolchains/XcodeDefault.xctoolchain/usr/bin/appintentsnltrainingprocessor --infoplist-path /tmp/noop-audit-p0-settings-whoop-20260816/DerivedData/Build/Products/Debug-iphonesimulator/NOOP.app/Info.plist --temp-dir-path /tmp/noop-audit-p0-settings-whoop-20260816/DerivedData/Build/Intermediates.noindex/Strand.build/Debug-iphonesimulator/NOOPiOS.build/ssu --bundle-id com.eastonplace.noop --product-path /tmp/noop-audit-p0-settings-whoop-20260816/DerivedData/Build/Products/Debug-iphonesimulator/NOOP.app --extracted-metadata-path /tmp/noop-audit-p0-settings-whoop-20260816/DerivedData/Build/Products/Debug-iphonesimulator/NOOP.app/Metadata.appintents --metadata-file-list /tmp/noop-audit-p0-settings-whoop-20260816/DerivedData/Build/Intermediates.noindex/Strand.build/Debug-iphonesimulator/NOOPiOS.build/NOOP.DependencyMetadataFileList --source-file /tmp/noop-audit-p0-settings-whoop-20260816/DerivedData/Build/Products/Debug-iphonesimulator/NOOP.app/Info.plist --archive-ssu-assets
2026-08-16 18:27:58.209 appintentsnltrainingprocessor[5509:5321398] Parsing options for appintentsnltrainingprocessor
2026-08-16 18:27:58.210 appintentsnltrainingprocessor[5509:5321398] Starting AppIntents SSU YAML Generation
2026-08-16 18:27:58.220 appintentsnltrainingprocessor[5509:5321398] Training 'Mark a moment in ${+applicationName}' for de
2026-08-16 18:27:58.220 appintentsnltrainingprocessor[5509:5321398] Training 'Mark a moment in ${+applicationName}' for zh-Hant
2026-08-16 18:27:58.220 appintentsnltrainingprocessor[5509:5321398] Training 'Mark a moment in ${+applicationName}' for ru
2026-08-16 18:27:58.220 appintentsnltrainingprocessor[5509:5321398] Training 'Mark a moment in ${+applicationName}' for fr
2026-08-16 18:27:58.220 appintentsnltrainingprocessor[5509:5321398] Training 'Mark a moment in ${+applicationName}' for it
2026-08-16 18:27:58.220 appintentsnltrainingprocessor[5509:5321398] Training 'Mark a moment in ${+applicationName}' for en
2026-08-16 18:27:58.220 appintentsnltrainingprocessor[5509:5321398] Training 'Mark a moment in ${+applicationName}' for pt-PT
2026-08-16 18:27:58.220 appintentsnltrainingprocessor[5509:5321398] Training 'Mark a moment in ${+applicationName}' for zh-Hans
2026-08-16 18:27:58.220 appintentsnltrainingprocessor[5509:5321398] Training 'Mark a moment in ${+applicationName}' for es
2026-08-16 18:27:58.220 appintentsnltrainingprocessor[5509:5321398] Training 'Buzz my ${+applicationName} strap' for de
2026-08-16 18:27:58.220 appintentsnltrainingprocessor[5509:5321398] Training 'Buzz my ${+applicationName} strap' for zh-Hant
2026-08-16 18:27:58.220 appintentsnltrainingprocessor[5509:5321398] Training 'Buzz my ${+applicationName} strap' for ru
2026-08-16 18:27:58.220 appintentsnltrainingprocessor[5509:5321398] Training 'Buzz my ${+applicationName} strap' for fr
2026-08-16 18:27:58.220 appintentsnltrainingprocessor[5509:5321398] Training 'Buzz my ${+applicationName} strap' for it
2026-08-16 18:27:58.220 appintentsnltrainingprocessor[5509:5321398] Training 'Buzz my ${+applicationName} strap' for en
2026-08-16 18:27:58.220 appintentsnltrainingprocessor[5509:5321398] Training 'Buzz my ${+applicationName} strap' for pt-PT
2026-08-16 18:27:58.220 appintentsnltrainingprocessor[5509:5321398] Training 'Buzz my ${+applicationName} strap' for zh-Hans
2026-08-16 18:27:58.220 appintentsnltrainingprocessor[5509:5321398] Training 'Buzz my ${+applicationName} strap' for es
2026-08-16 18:27:58.220 appintentsnltrainingprocessor[5509:5321398] Training Negative Phrases '' for de
2026-08-16 18:27:58.220 appintentsnltrainingprocessor[5509:5321398] Training Negative Phrases '' for zh-Hant
2026-08-16 18:27:58.220 appintentsnltrainingprocessor[5509:5321398] Training Negative Phrases '' for ru
2026-08-16 18:27:58.220 appintentsnltrainingprocessor[5509:5321398] Training Negative Phrases '' for fr
2026-08-16 18:27:58.220 appintentsnltrainingprocessor[5509:5321398] Training Negative Phrases '' for it
2026-08-16 18:27:58.220 appintentsnltrainingprocessor[5509:5321398] Training Negative Phrases '' for en
2026-08-16 18:27:58.220 appintentsnltrainingprocessor[5509:5321398] Training Negative Phrases '' for pt-PT
2026-08-16 18:27:58.220 appintentsnltrainingprocessor[5509:5321398] Training Negative Phrases '' for zh-Hans
2026-08-16 18:27:58.220 appintentsnltrainingprocessor[5509:5321398] Training Negative Phrases '' for es
2026-08-16 18:27:58.220 appintentsnltrainingprocessor[5509:5321398] Application name 'NOOP' for de
2026-08-16 18:27:58.220 appintentsnltrainingprocessor[5509:5321398] Application name 'NOOP' for zh-Hant
2026-08-16 18:27:58.221 appintentsnltrainingprocessor[5509:5321398] Application name 'NOOP' for ru
2026-08-16 18:27:58.221 appintentsnltrainingprocessor[5509:5321398] Application name 'NOOP' for fr
2026-08-16 18:27:58.221 appintentsnltrainingprocessor[5509:5321398] Application name 'NOOP' for it
2026-08-16 18:27:58.221 appintentsnltrainingprocessor[5509:5321398] Application name 'NOOP' for en
2026-08-16 18:27:58.221 appintentsnltrainingprocessor[5509:5321398] Application name 'NOOP' for pt-PT
2026-08-16 18:27:58.221 appintentsnltrainingprocessor[5509:5321398] Application name 'NOOP' for zh-Hans
2026-08-16 18:27:58.221 appintentsnltrainingprocessor[5509:5321398] Application name 'NOOP' for es
2026-08-16 18:27:58.236 appintentsnltrainingprocessor[5509:5321398] Generated AppIntents SSU YAML files in file:///tmp/noop-audit-p0-settings-whoop-20260816/DerivedData/Build/Intermediates.noindex/Strand.build/Debug-iphonesimulator/NOOPiOS.build/ssu/
2026-08-16 18:27:58.237 appintentsnltrainingprocessor[5509:5321398] Copied AppIntents SSU YAML files to file:///tmp/noop-audit-p0-settings-whoop-20260816/DerivedData/Build/Products/Debug-iphonesimulator/NOOP.app/Metadata.appintents/
Archiving all locales.
[------------------------------------------------------------] 0% archiving ru[🁢🁢🁢🁢🁢🁢------------------------------------------------------] 11% archived ru[🁢🁢🁢🁢🁢🁢------------------------------------------------------] 11% archiving pt-PT[🁢🁢🁢🁢🁢🁢🁢🁢🁢🁢🁢🁢🁢-----------------------------------------------] 22% archived pt-PT[🁢🁢🁢🁢🁢🁢🁢🁢🁢🁢🁢🁢🁢-----------------------------------------------] 22% archiving es[🁢🁢🁢🁢🁢🁢🁢🁢🁢🁢🁢🁢🁢🁢🁢🁢🁢🁢🁢🁢----------------------------------------] 33% archived es[🁢🁢🁢🁢🁢🁢🁢🁢🁢🁢🁢🁢🁢🁢🁢🁢🁢🁢🁢🁢----------------------------------------] 33% archiving zh-Hans[🁢🁢🁢🁢🁢🁢🁢🁢🁢🁢🁢🁢🁢🁢🁢🁢🁢🁢🁢🁢🁢🁢🁢🁢🁢🁢----------------------------------] 44% archived zh-Hans[🁢🁢🁢🁢🁢🁢🁢🁢🁢🁢🁢🁢🁢🁢🁢🁢🁢🁢🁢🁢🁢🁢🁢🁢🁢🁢----------------------------------] 44% archiving en[🁢🁢🁢🁢🁢🁢🁢🁢🁢🁢🁢🁢🁢🁢🁢🁢🁢🁢🁢🁢🁢🁢🁢🁢🁢🁢🁢🁢🁢🁢🁢🁢🁢---------------------------] 55% archived en[🁢🁢🁢🁢🁢🁢🁢🁢🁢🁢🁢🁢🁢🁢🁢🁢🁢🁢🁢🁢🁢🁢🁢🁢🁢🁢🁢🁢🁢🁢🁢🁢🁢---------------------------] 55% archiving it[🁢🁢🁢🁢🁢🁢🁢🁢🁢🁢🁢🁢🁢🁢🁢🁢🁢🁢🁢🁢🁢🁢🁢🁢🁢🁢🁢🁢🁢🁢🁢🁢🁢🁢🁢🁢🁢🁢🁢🁢--------------------] 66% archived it[🁢🁢🁢🁢🁢🁢🁢🁢🁢🁢🁢🁢🁢🁢🁢🁢🁢🁢🁢🁢🁢🁢🁢🁢🁢🁢🁢🁢🁢🁢🁢🁢🁢🁢🁢🁢🁢🁢🁢🁢--------------------] 66% archiving zh-Hant[🁢🁢🁢🁢🁢🁢🁢🁢🁢🁢🁢🁢🁢🁢🁢🁢🁢🁢🁢🁢🁢🁢🁢🁢🁢🁢🁢🁢🁢🁢🁢🁢🁢🁢🁢🁢🁢🁢🁢🁢🁢🁢🁢🁢🁢🁢--------------] 77% archived zh-Hant[🁢🁢🁢🁢🁢🁢🁢🁢🁢🁢🁢🁢🁢🁢🁢🁢🁢🁢🁢🁢🁢🁢🁢🁢🁢🁢🁢🁢🁢🁢🁢🁢🁢🁢🁢🁢🁢🁢🁢🁢🁢🁢🁢🁢🁢🁢--------------] 77% archiving de[🁢🁢🁢🁢🁢🁢🁢🁢🁢🁢🁢🁢🁢🁢🁢🁢🁢🁢🁢🁢🁢🁢🁢🁢🁢🁢🁢🁢🁢🁢🁢🁢🁢🁢🁢🁢🁢🁢🁢🁢🁢🁢🁢🁢🁢🁢🁢🁢🁢🁢🁢🁢🁢-------] 88% archived de[🁢🁢🁢🁢🁢🁢🁢🁢🁢🁢🁢🁢🁢🁢🁢🁢🁢🁢🁢🁢🁢🁢🁢🁢🁢🁢🁢🁢🁢🁢🁢🁢🁢🁢🁢🁢🁢🁢🁢🁢🁢🁢🁢🁢🁢🁢🁢🁢🁢🁢🁢🁢🁢-------] 88% archiving fr[🁢🁢🁢🁢🁢🁢🁢🁢🁢🁢🁢🁢🁢🁢🁢🁢🁢🁢🁢🁢🁢🁢🁢🁢🁢🁢🁢🁢🁢🁢🁢🁢🁢🁢🁢🁢🁢🁢🁢🁢🁢🁢🁢🁢🁢🁢🁢🁢🁢🁢🁢🁢🁢🁢🁢🁢🁢🁢🁢🁢] 100% archived fr[🁢🁢🁢🁢🁢🁢🁢🁢🁢🁢🁢🁢🁢🁢🁢🁢🁢🁢🁢🁢🁢🁢🁢🁢🁢🁢🁢🁢🁢🁢🁢🁢🁢🁢🁢🁢🁢🁢🁢🁢🁢🁢🁢🁢🁢🁢🁢🁢🁢🁢🁢🁢🁢🁢🁢🁢🁢🁢🁢🁢] 100% archived 9 locales/tmp/noop-audit-p0-settings-whoop-20260816/DerivedData/Build/Products/Debug-iphonesimulator/NOOP.app/ru.lproj/nlu.appintents
/tmp/noop-audit-p0-settings-whoop-20260816/DerivedData/Build/Products/Debug-iphonesimulator/NOOP.app/ru.lproj/nlu.appintents/bb5f2956e1d6ac7bf9116c5c30ea76d4.version
/tmp/noop-audit-p0-settings-whoop-20260816/DerivedData/Build/Products/Debug-iphonesimulator/NOOP.app/pt-PT.lproj/nlu.appintents
/tmp/noop-audit-p0-settings-whoop-20260816/DerivedData/Build/Products/Debug-iphonesimulator/NOOP.app/pt-PT.lproj/nlu.appintents/3168e579a72a91eb0203237dfe1b5c40.version
/tmp/noop-audit-p0-settings-whoop-20260816/DerivedData/Build/Products/Debug-iphonesimulator/NOOP.app/es.lproj/nlu.appintents
/tmp/noop-audit-p0-settings-whoop-20260816/DerivedData/Build/Products/Debug-iphonesimulator/NOOP.app/es.lproj/nlu.appintents/82470b850f68cd5814507d8e3ee12675.version
/tmp/noop-audit-p0-settings-whoop-20260816/DerivedData/Build/Products/Debug-iphonesimulator/NOOP.app/zh-Hans.lproj/nlu.appintents
/tmp/noop-audit-p0-settings-whoop-20260816/DerivedData/Build/Products/Debug-iphonesimulator/NOOP.app/zh-Hans.lproj/nlu.appintents/d197d78dfa24773ecfc6f3fff1ffe55e.version
/tmp/noop-audit-p0-settings-whoop-20260816/DerivedData/Build/Products/Debug-iphonesimulator/NOOP.app/en.lproj/nlu.appintents
/tmp/noop-audit-p0-settings-whoop-20260816/DerivedData/Build/Products/Debug-iphonesimulator/NOOP.app/en.lproj/nlu.appintents/5bb5d2719c4520251cb3c82bf8199566.version
/tmp/noop-audit-p0-settings-whoop-20260816/DerivedData/Build/Products/Debug-iphonesimulator/NOOP.app/it.lproj/nlu.appintents
/tmp/noop-audit-p0-settings-whoop-20260816/DerivedData/Build/Products/Debug-iphonesimulator/NOOP.app/it.lproj/nlu.appintents/0dc73ff085835b2f1ccbe0daee1af85a.version
/tmp/noop-audit-p0-settings-whoop-20260816/DerivedData/Build/Products/Debug-iphonesimulator/NOOP.app/zh-Hant.lproj/nlu.appintents
/tmp/noop-audit-p0-settings-whoop-20260816/DerivedData/Build/Products/Debug-iphonesimulator/NOOP.app/zh-Hant.lproj/nlu.appintents/c400d70732784a1374fa16ce6f3546d2.version
/tmp/noop-audit-p0-settings-whoop-20260816/DerivedData/Build/Products/Debug-iphonesimulator/NOOP.app/de.lproj/nlu.appintents
/tmp/noop-audit-p0-settings-whoop-20260816/DerivedData/Build/Products/Debug-iphonesimulator/NOOP.app/de.lproj/nlu.appintents/54eaeabe25cf2bf2c3dce601c7985367.version
/tmp/noop-audit-p0-settings-whoop-20260816/DerivedData/Build/Products/Debug-iphonesimulator/NOOP.app/fr.lproj/nlu.appintents
/tmp/noop-audit-p0-settings-whoop-20260816/DerivedData/Build/Products/Debug-iphonesimulator/NOOP.app/fr.lproj/nlu.appintents/7b626d37409361633a0bd02d19b8c276.version


CodeSign /tmp/noop-audit-p0-settings-whoop-20260816/DerivedData/Build/Products/Debug-iphonesimulator/NOOP.app/NOOP.debug.dylib (in target 'NOOPiOS' from project 'Strand')
    cd /tmp/noop-audit-p0-settings-whoop-20260816
    
    Signing Identity:     "Sign to Run Locally"
    
    /usr/bin/codesign --force --sign - --timestamp\=none --generate-entitlement-der /tmp/noop-audit-p0-settings-whoop-20260816/DerivedData/Build/Products/Debug-iphonesimulator/NOOP.app/NOOP.debug.dylib

CodeSign /tmp/noop-audit-p0-settings-whoop-20260816/DerivedData/Build/Products/Debug-iphonesimulator/NOOP.app/__preview.dylib (in target 'NOOPiOS' from project 'Strand')
    cd /tmp/noop-audit-p0-settings-whoop-20260816
    
    Signing Identity:     "Sign to Run Locally"
    
    /usr/bin/codesign --force --sign - --timestamp\=none --generate-entitlement-der /tmp/noop-audit-p0-settings-whoop-20260816/DerivedData/Build/Products/Debug-iphonesimulator/NOOP.app/__preview.dylib
/tmp/noop-audit-p0-settings-whoop-20260816/DerivedData/Build/Products/Debug-iphonesimulator/NOOP.app/__preview.dylib: replacing existing signature

CodeSign /tmp/noop-audit-p0-settings-whoop-20260816/DerivedData/Build/Products/Debug-iphonesimulator/NOOP.app (in target 'NOOPiOS' from project 'Strand')
    cd /tmp/noop-audit-p0-settings-whoop-20260816
    
    Signing Identity:     "Sign to Run Locally"
    
    /usr/bin/codesign --force --sign - --entitlements /tmp/noop-audit-p0-settings-whoop-20260816/DerivedData/Build/Intermediates.noindex/Strand.build/Debug-iphonesimulator/NOOPiOS.build/NOOP.app.xcent --timestamp\=none --generate-entitlement-der /tmp/noop-audit-p0-settings-whoop-20260816/DerivedData/Build/Products/Debug-iphonesimulator/NOOP.app

Validate /tmp/noop-audit-p0-settings-whoop-20260816/DerivedData/Build/Products/Debug-iphonesimulator/NOOP.app (in target 'NOOPiOS' from project 'Strand')
    cd /tmp/noop-audit-p0-settings-whoop-20260816
    builtin-validationUtility /tmp/noop-audit-p0-settings-whoop-20260816/DerivedData/Build/Products/Debug-iphonesimulator/NOOP.app -shallow-bundle -infoplist-subpath Info.plist

ValidateEmbeddedBinary /tmp/noop-audit-p0-settings-whoop-20260816/DerivedData/Build/Products/Debug-iphonesimulator/NOOP.app/PlugIns/NOOPWidgets.appex (in target 'NOOPiOS' from project 'Strand')
    cd /tmp/noop-audit-p0-settings-whoop-20260816
    /Applications/Xcode.app/Contents/Developer/usr/bin/embeddedBinaryValidationUtility /tmp/noop-audit-p0-settings-whoop-20260816/DerivedData/Build/Products/Debug-iphonesimulator/NOOP.app/PlugIns/NOOPWidgets.appex -signing-cert - -info-plist-path /tmp/noop-audit-p0-settings-whoop-20260816/DerivedData/Build/Products/Debug-iphonesimulator/NOOP.app/Info.plist

note: Removed stale file '/tmp/noop-audit-p0-settings-whoop-20260816/DerivedData/Build/Products/Debug-iphonesimulator/NOOP.app/Frameworks'

** BUILD SUCCEEDED **

